frame_idx,timestamp_ns,blur,illumination,occlusion,blur_z,blur_fault,illumination_z,illumination_fault,occlusion_z,occlusion_fault,any_fault
0,1698345771563347000,373.53152452011926,6.283711814027655,1.0,-0.6803648478328089,False,-3.177868176911906,True,1.283107238200796,False,True
1,1698345771663347000,374.1389911219632,6.2776505294140845,1.0,-0.6798520508791664,False,-3.18383945432819,True,1.283107238200796,False,True
2,1698345771763347000,373.5363409052567,6.284674580154291,1.0,-0.6800018241818588,False,-3.1810996015963178,True,1.283107238200796,False,True
3,1698345771863347000,373.2294507934373,6.283629162946216,1.0,-0.6803657288133833,False,-3.180211597943136,True,1.283107238200796,False,True
4,1698345771963347000,373.70724288916864,6.2873073425178525,1.0,-0.6802171306946452,False,-3.175966435033706,True,1.283107238200796,False,True
5,1698345772063347000,373.29975778895687,6.283811154581789,1.0,-0.6804570932566028,False,-3.176439092203073,True,1.283107238200796,False,True
6,1698345772163031000,373.71306821481875,6.2842971066768545,1.0,-0.680276168317685,False,-3.1762912162843406,True,1.283107238200796,False,True
7,1698345772263031000,374.4378590042281,6.274621481354252,1.0,-0.679537683917129,False,-3.1857196500238927,True,1.283107238200796,False,True
8,1698345772363031000,374.5022205385286,6.272273013453596,1.0,-0.6789664136214583,False,-3.194633147909479,True,1.283107238200796,False,True
9,1698345772463032000,373.74910583499195,6.271725934675219,1.0,-0.6792022711774298,False,-3.201411551347781,True,1.283107238200796,False,True
10,1698345772563031000,374.6611471530888,6.275699753901183,1.0,-0.6785974657498239,False,-3.2022416238564917,True,1.283107238200796,False,True
11,1698345772663031000,372.904058119801,6.284901059026446,1.0,-0.6796573602906516,False,-3.193758004497647,True,1.283107238200796,False,True
12,1698345772763031000,372.8540990066692,6.285318895289652,1.0,-0.6804414597853324,False,-3.187407839353275,True,1.283107238200796,False,True
13,1698345772863032000,372.38679947819764,6.28775178564265,1.0,-0.6813848034222968,False,-3.180565960665294,True,1.283107238200796,False,True
14,1698345772963031000,372.22347110942985,6.285218768368993,1.0,-0.6821830186919727,False,-3.17827204875408,True,1.283107238200796,False,True
15,1698345773063032000,372.7828135467698,6.276322705749721,1.0,-0.6822695967591724,False,-3.1854302707314,True,1.283107238200796,False,True
16,1698345773163114000,372.5350987506856,6.278498460159878,1.0,-0.6825393114913076,False,-3.1882975806248317,True,1.283107238200796,False,True
17,1698345773263114000,372.6979674964235,6.284631083758285,1.0,-0.6825906250738248,False,-3.184263140499156,True,1.283107238200796,False,True
18,1698345773363115000,373.009483682936,6.2850641094523345,1.0,-0.6823635761303684,False,-3.1810124369429933,True,1.283107238200796,False,True
19,1698345773463116000,372.1972490761229,6.282937216861338,1.0,-0.6828902950906404,False,-3.1808322537000118,True,1.283107238200796,False,True
20,1698345773563115000,372.0810111531002,6.285030187012245,1.0,-0.6833571213750963,False,-3.178644234891561,True,1.283107238200796,False,True
21,1698345773663116000,373.01455476373485,6.284454759418352,1.0,-0.6828958427548292,False,-3.177679504493108,True,1.283107238200796,False,True
22,1698345773763117000,373.14575840969763,6.277961491154347,1.0,-0.6824621912942769,False,-3.1834010395288996,True,1.283107238200796,False,True
23,1698345773863116000,373.5051867654579,6.288058081344078,1.0,-0.6818552214458014,False,-3.177459453432471,True,1.283107238200796,False,True
24,1698345773963116000,373.91037891250573,6.2870555141888556,1.0,-0.6810882969183879,False,-3.174288022674177,True,1.283107238200796,False,True
25,1698345774063116000,373.6175124719481,6.287328901355686,1.0,-0.6807986748938999,False,-3.171798693646103,True,1.283107238200796,False,True
26,1698345774163186000,373.31254113307,6.287001794749575,1.0,-0.6808533830515167,False,-3.1703784125548427,True,1.283107238200796,False,True
27,1698345774263186000,374.1054791544877,6.2875284447506505,1.0,-0.6802223148814702,False,-3.168865386292232,True,1.283107238200796,False,True
28,1698345774363186000,373.9965218469423,6.276075737341431,1.0,-0.6798725441949475,False,-3.179088908052849,True,1.283107238200796,False,True
29,1698345774463186000,373.900569057482,6.276114331422435,1.0,-0.679708703896854,False,-3.186207352308048,True,1.283107238200796,False,True
30,1698345774563186000,375.4052238183347,6.276928003303174,1.0,-0.6783238514103387,False,-3.190388674046868,True,1.283107238200796,False,True
31,1698345774663186000,375.12824227348625,6.276121976472184,1.0,-0.6775882704746015,False,-3.194109656979468,True,1.283107238200796,False,True
32,1698345774763186000,375.3339416614112,6.276114924869923,1.0,-0.6768997213194481,False,-3.1967212919216066,True,1.283107238200796,False,True
33,1698345774863186000,375.95296295224057,6.277053650940123,1.0,-0.675895185989994,False,-3.1976246499471332,True,1.283107238200796,False,True
34,1698345774963186000,375.10027469849297,6.2759035438284645,1.0,-0.6759118136939483,False,-3.199390029132375,True,1.283107238200796,False,True
35,1698345775063186000,375.03092550277506,6.275682090876421,1.0,-0.6759819946694039,False,-3.2008439590429436,True,1.283107238200796,False,True
36,1698345775163258000,375.7377566003779,6.275478228619695,1.0,-0.6754344452016487,False,-3.202062544979394,True,1.283107238200796,False,True
37,1698345775263259000,375.9156850192786,6.279108790891801,1.0,-0.6749009611214406,False,-3.1993389049879575,True,1.283107238200796,False,True
38,1698345775363258000,376.2811705910288,6.275967076937708,1.0,-0.6742189952002268,False,-3.200527417988202,True,1.283107238200796,False,True
39,1698345775463258000,375.6808361792132,6.275609436719391,1.0,-0.6742483953235892,False,-3.201711706519332,True,1.283107238200796,False,True
40,1698345775563258000,375.4392752747912,6.27492221651437,1.0,-0.67447289064665,False,-3.203217723802543,True,1.283107238200796,False,True
41,1698345775663258000,375.6042658616385,6.273891782057588,1.0,-0.6744907594765952,False,-3.205287068895365,True,1.283107238200796,False,True
42,1698345775763258000,376.0578056672059,6.277852326061272,1.0,-0.6741204090280541,False,-3.2028338786537764,True,1.283107238200796,False,True
43,1698345775863258000,375.24127717710275,6.274214937964805,1.0,-0.6745504416447736,False,-3.2047000200957294,True,1.283107238200796,False,True
44,1698345775963258000,375.4065009530724,6.274656482638578,1.0,-0.6747119897321384,False,-3.2055713311599883,True,1.283107238200796,False,True
45,1698345776063258000,375.44014958067953,6.276096999518202,1.0,-0.6747966686815304,False,-3.204762123016733,True,1.283107238200796,False,True
46,1698345776163286000,375.59298525797044,6.2750283086956085,1.0,-0.6747269266972805,False,-3.2052484985879817,True,1.283107238200796,False,True
47,1698345776263286000,375.3661121797674,6.276566247091582,1.0,-0.6748696237192701,False,-3.2040738607465125,True,1.283107238200796,False,True
48,1698345776363286000,375.7817561396343,6.274976450332501,1.0,-0.6746186430341955,False,-3.2048178032898775,True,1.283107238200796,False,True
49,1698345776463286000,375.35089469734567,6.275250593030771,1.0,-0.6748066710936433,False,-3.205068491260807,True,1.283107238200796,False,True
50,1698345776563286000,376.96627806642357,6.276914031051312,1.0,-0.6735746541697015,False,-3.2036052360843543,True,1.283107238200796,False,True
51,1698345776663286000,377.28638772320994,6.278071689642978,1.0,-0.6724420196368994,False,-3.201440489549351,True,1.283107238200796,False,True
52,1698345776763286000,377.27542291911624,6.277046982296235,1.0,-0.6716584314759055,False,-3.200934657904249,True,1.283107238200796,False,True
53,1698345776863287000,376.62438153507753,6.280111680557553,1.0,-0.6716595006577263,False,-3.1975613868047503,True,1.283107238200796,False,True
54,1698345776963286000,377.5951465944595,6.278615014031034,1.0,-0.670840771333232,False,-3.1966745387746425,True,1.283107238200796,False,True
55,1698345777063286000,376.32130098466325,6.2765929537719725,1.0,-0.6713429860110135,False,-3.1980457787783023,True,1.283107238200796,False,True
56,1698345777163328000,373.09454998506754,6.260160339029844,1.0,-0.6744184195042797,False,-3.2151942449998727,True,1.283107238200796,False,True
57,1698345777263329000,371.40690126091846,6.253033472090613,1.0,-0.6779958627930331,False,-3.23421920770555,True,1.283107238200796,False,True
58,1698345777363324000,371.86954905488454,6.252888590271441,1.0,-0.6801095258969522,False,-3.2476794119925043,True,1.283107238200796,False,True
59,1698345777463320000,370.25129182729546,6.257746542912051,1.0,-0.6829551526219392,False,-3.2523157406418552,True,1.283107238200796,False,True
60,1698345777563318000,368.8169763407905,6.259801498774121,1.0,-0.6861578782431624,False,-3.253536729952741,True,1.283107238200796,False,True
61,1698345777663316000,365.27801237028143,6.259675987288889,1.0,-0.6913872260432216,False,-3.2545150701696572,True,1.283107238200796,False,True
62,1698345777763315000,363.1572263170175,6.259832234681708,1.0,-0.6968380450906619,False,-3.255045981128242,True,1.283107238200796,False,True
63,1698345777863316000,362.78934367165726,6.264112687495749,1.0,-0.7009641689944957,False,-3.251200728676204,True,1.283107238200796,False,True
64,1698345777963315000,361.55399633242484,6.274008124256451,1.0,-0.7048952823621351,False,-3.238760557734453,True,1.283107238200796,False,True
65,1698345778063316000,360.03049039275777,6.278104295376726,1.0,-0.7089331393447318,False,-3.2260170931503303,True,1.283107238200796,False,True
66,1698345778163362000,358.4439453017772,6.27492499251309,0.99,-0.7130989317747267,False,-3.2202287596677834,True,1.257775523595304,False,True
67,1698345778263366000,358.78389605342255,6.276621946959796,0.995,-0.7157280147980984,False,-3.2145051707507433,True,1.2527091806742054,False,True
68,1698345778363368000,360.90656412485345,6.288356618639027,1.0,-0.7157765086089642,False,-3.1989382411298304,True,1.2618285979321828,False,True
69,1698345778463370000,359.6415172776136,6.286423227242275,0.99,-0.7168783519478342,False,-3.189946071848098,True,1.2428804754072746,False,True
70,1698345778563374000,355.2742035814036,6.270396057027129,0.985,-0.7213363390552358,False,-3.199440727701546,True,1.2169509323370937,False,True
71,1698345778663378000,351.2866083674333,6.27141524985876,0.99,-0.7278230849299235,False,-3.2050829284967426,True,1.2114661094907133,False,True
72,1698345778763379000,353.18188787078975,6.2981107538112555,1.0,-0.7307638943018628,False,-3.1827333806537124,True,1.2329584481037374,False,True
73,1698345778863377000,352.30072909415367,6.31309567904327,1.0,-0.7335662968771764,False,-3.1523262909531495,True,1.248003085132854,False,True
74,1698345778963381000,353.9317568849811,6.331702443649416,0.985,-0.7341511357721477,False,-3.112710865172451,True,1.2205367591449998,False,True
75,1698345779063388000,354.9273879002606,6.346105910494553,0.995,-0.7337200544855643,False,-3.070790484921557,True,1.2266420455589924,False,True
76,1698345779163441000,353.441214676753,6.349489177432006,0.98,-0.7346728605507001,False,-3.038113191715383,True,1.1929181741405503,False,True
77,1698345779263451000,353.29177856406324,6.341797163522992,0.995,-0.7354659722801552,False,-3.022816877627377,True,1.2073090360558782,False,True
78,1698345779363462000,364.82988463576476,6.367403524942989,0.98,-0.7262811818630113,False,-2.9868833386493616,True,1.1793850674883721,False,True
79,1698345779463472000,367.7722562808144,6.380547110909436,0.96,-0.717368006067048,False,-2.948781451406454,True,1.109174860280135,False,True
80,1698345779563484000,369.00312893022704,6.3898790581014655,0.975,-0.7100897337139538,False,-2.912916758127342,True,1.0980252871426053,False,True
81,1698345779663495000,368.8953656757598,6.392141964503968,0.955,-0.7050859121314864,False,-2.885582169514614,True,1.0395571567353525,False,True
82,1698345779763505000,375.0254209908306,6.408291874749374,0.99,-0.6964085102458808,False,-2.8505378657359324,True,1.0872904665694951,False,True
83,1698345779863515000,384.49229461324614,6.422256386515127,0.98,-0.6823428048827288,False,-2.8122497076914175,True,1.0953720688479032,False,True
84,1698345779963525000,387.3339764269578,6.439240738643603,0.97,-0.6700979866122947,False,-2.768715854493,True,1.075697475837298,False,True
85,1698345780063537000,393.7438426269251,6.4904971966726315,0.97,-0.6561156828341558,False,-2.687746833279032,True,1.0619252607298737,False,True
86,1698345780163565000,398.96775430253996,6.542933366420123,0.935,-0.641918270563896,False,-2.579411000894347,True,0.9636237090354599,False,True
87,1698345780263584000,409.8664961368793,6.58097391197977,0.975,-0.6227798369007937,False,-2.4661002566970103,True,0.9961394812713333,False,True
88,1698345780363605000,424.49502181472855,6.622809787350085,0.94,-0.5970341665383934,False,-2.3455681032649793,True,0.9302395207172259,False,True
89,1698345780463626000,430.95650214394783,6.639937052737491,0.92,-0.5735576958869617,False,-2.2443226622303842,True,0.8334461191183699,False,True
90,1698345780563647000,428.330639719499,6.665511823337231,0.855,-0.559340805580922,False,-2.1482558561013363,True,0.6010345930634804,False,True
91,1698345780663666000,404.1857457880195,6.643311072219666,0.835,-0.5697710544287669,False,-2.102880172320245,True,0.3876830956140754,False,True
92,1698345780763686000,382.6955069719611,6.6408410455423805,0.805,-0.5952133559936641,False,-2.0735505416279176,True,0.1623419035830181,False,True
93,1698345780863706000,387.4936579722512,6.645107104255362,0.81,-0.608972576156328,False,-2.048817090375737,True,0.017268926464024083,False,True
94,1698345780963728000,376.58511820502554,6.643370217623377,0.84,-0.6278125463340258,False,-2.033214769189762,False,-0.008287013702798355,False,False
95,1698345781063750000,370.10984584178357,6.6388061434409344,0.9,-0.6464666694929952,False,-2.0267894442084367,False,0.12581411581337051,False,False
96,1698345781163773000,384.7415752996591,6.6603603496780455,0.805,-0.6471730844139257,False,-2.0010575802083643,False,-0.020966382277473734,False,False
97,1698345781263792000,385.5361126505038,6.69364322241605,0.81,-0.6469968608936749,False,-1.950256637520481,False,-0.11104687363832037,False,False
98,1698345781363811000,377.9531923173621,6.7160776456600875,0.83,-0.6532746768309876,False,-1.8925946949233243,False,-0.12343978837993047,False,False
99,1698345781463830000,390.1231022984511,6.767680207777319,0.845,-0.6473958379064151,False,-1.8013950465233366,False,-0.09411725679082165,False,False
100,1698345781563849000,396.6627499941208,6.777535245886138,0.905,-0.6377601637615715,False,-1.7278465971691142,False,0.07839880295449937,False,False
101,1698345781663868000,409.7981942983821,6.787355912837411,0.895,-0.619926819588322,False,-1.6666878479091105,False,0.173828330170733,False,False
102,1698345781763889000,395.0205975380085,6.76772530328484,0.83,-0.6199180848065049,False,-1.643215827752732,False,0.07597285428640614,False,False
103,1698345781863910000,400.68444018348225,6.810505752588099,0.885,-0.6151308001929277,False,-1.584640233690645,False,0.14679845149757684,False,False
104,1698345781963934000,419.2201589204107,6.8645909367808855,0.855,-0.5961326512770373,False,-1.4903552729481815,False,0.12038122572892436,False,False
105,1698345782063961000,418.04207810929694,6.882053101232894,0.895,-0.5838284317520286,False,-1.4071529408237051,False,0.203216026112832,False,False
106,1698345782164014000,424.5369941083018,6.88776688983039,0.875,-0.5697327517447628,False,-1.3432823667855893,False,0.21053695717058515,False,False
107,1698345782264041000,405.67031822438355,6.883925762846757,0.895,-0.5757922050927765,False,-1.3023570530314414,False,0.26632503812199304,False,False
108,1698345782364066000,407.19247749264457,6.8949120154986545,0.875,-0.5787488816127199,False,-1.2628862213848475,False,0.2547132655769973,False,False
109,1698345782464089000,424.9200133418851,6.912369842359336,0.91,-0.5658537384254617,False,-1.218058052807634,False,0.3352460259147184,False,False
110,1698345782564110000,436.64918778671733,6.959047052152938,0.91,-0.5469258779344838,False,-1.1406942594028653,False,0.39161895815112324,False,False
111,1698345782664129000,438.9244772700986,7.007928360121644,0.93,-0.5317556749099861,False,-1.0383841602546198,False,0.4817434399275886,False,False
112,1698345782764149000,448.85143982827867,7.035962294091829,0.935,-0.512756621628493,False,-0.9391494474834722,False,0.5574964344738604,False,False
113,1698345782864169000,434.1664122947843,7.073788602249311,0.925,-0.5118537475451864,False,-0.8324205430941201,False,0.5851918160507598,False,False
114,1698345782964182000,442.2459811877498,7.106140541944967,0.915,-0.5044013141155763,False,-0.7258387812626181,False,0.5792468685490977,False,False
115,1698345783064191000,417.3426420302824,7.131088838020219,0.915,-0.5202069293356805,False,-0.6266537222511209,False,0.5750854052979345,False,False
116,1698345783164245000,422.1012482724465,7.127499070561023,0.915,-0.5272538510263649,False,-0.5607606420607084,False,0.5721723810221194,False,False
117,1698345783264250000,435.5539315865958,7.119195654179841,0.93,-0.5208305245275261,False,-0.5228156005196191,False,0.6081308359372865,False,False
118,1698345783364251000,473.13994973294666,7.134058491880114,0.935,-0.4846057099241303,False,-0.48161193982030576,False,0.6459676116806479,False,False
119,1698345783464248000,483.0114104549745,7.152961534056434,0.885,-0.4509152807798432,False,-0.4341470363514841,False,0.5457947816735474,False,False
120,1698345783564246000,481.4057992211959,7.159962040966779,0.79,-0.42868736773168875,False,-0.394025051215212,False,0.2350225119164126,False,False
121,1698345783664246000,474.81203839600494,7.163880666635781,0.845,-0.41869399545216157,False,-0.36207922568058104,False,0.15680635341661925,False,False
122,1698345783764250000,474.561896246323,7.184235318731215,0.875,-0.4119097940081975,False,-0.3196647526256823,False,0.17805018628323568,False,False
123,1698345783864253000,493.2762125998116,7.192939904518563,0.87,-0.39136303895062236,False,-0.28139929466400493,False,0.18025501198712182,False,False
124,1698345783964261000,506.343593358913,7.193055227009175,0.9,-0.36594939443071817,False,-0.2544998640844216,False,0.2577935337963149,False,False
125,1698345784064270000,509.77393392865,7.177623308799511,0.85,-0.34526409856447876,False,-0.2508730242334166,False,0.18541192603529566,False,False
126,1698345784164269000,481.72428680809094,7.150812028793082,0.885,-0.35446268677592835,False,-0.2747473815719074,False,0.22340580172179958,False,False
127,1698345784264278000,484.4215199824094,7.134622569366998,0.805,-0.3586248112829725,False,-0.3074084853527553,False,0.04734779785842522,False,False
128,1698345784364293000,479.6665608894989,7.132044678022152,0.825,-0.3655522286361038,False,-0.3328108688822702,False,-0.025229375634954854,False,False
129,1698345784464309000,477.78981106462453,7.146988182653356,0.86,-0.3719856915728723,False,-0.33587093666705736,False,0.012627604038897539,False,False
130,1698345784564328000,495.2560062634768,7.164450304678365,0.8,-0.3617449113176073,False,-0.3208101663086333,False,-0.11286279782235073,False,False
131,1698345784664349000,482.02667551263073,7.173806878336231,0.845,-0.36574399227623483,False,-0.3010499940741381,False,-0.0867133634005148,False,False
132,1698345784764368000,475.2258109047003,7.189985429653381,0.73,-0.3742843438307727,False,-0.27127956599478803,False,-0.3597234772683758,False,False
133,1698345784864384000,496.0732629199877,7.214338717548824,0.8,-0.36266407528094535,False,-0.22644861320077747,False,-0.37350855473744243,False,False
134,1698345784964401000,487.1026645086087,7.24587468596679,0.895,-0.3621024773343376,False,-0.16399927197783376,False,-0.14250682021362626,False,False
135,1698345785064415000,514.113763422209,7.257522322383147,0.92,-0.3389077607984451,False,-0.10881005857335209,False,0.08252368046677334,False,False
136,1698345785164445000,504.7677301224869,7.2827803769637764,0.92,-0.3305609751081307,False,-0.04529462472206129,False,0.24004503094305335,False,False
137,1698345785264460000,499.78765432515974,7.306120919329594,0.935,-0.3289221890795158,False,0.02216012537272631,False,0.3883075481846855,False,False
138,1698345785364472000,522.9651833039943,7.325686168202968,0.95,-0.3082095743265693,False,0.08865316466054125,False,0.5300888821620641,False,False
139,1698345785464480000,538.4027275248659,7.352599977124493,0.85,-0.28067903884212725,False,0.1617124438056175,False,0.3760186698913205,False,False
140,1698345785564481000,559.4902620007088,7.376748153021463,0.85,-0.24360648216648498,False,0.23664352616291037,False,0.2681695213017994,False,False
141,1698345785664478000,567.8102415104922,7.405037530434942,0.75,-0.21063232670842877,False,0.3169645774098917,False,-0.060642028765774535,False,False
142,1698345785764473000,564.905451084036,7.411364621837883,0.76,-0.1900025159572726,False,0.3794224503838683,False,-0.26547839920758526,False,False
143,1698345785864468000,578.6253475872928,7.414259509012107,0.815,-0.16397990696649148,False,0.42599486094046557,False,-0.2695394281866527,False,False
144,1698345785964461000,588.7020232751707,7.420935644566973,0.9,-0.13725778817899864,False,0.46517254644325123,False,-0.057062574325327076,False,False
145,1698345786064457000,590.7194434616677,7.425740923365344,0.88,-0.11684928642111381,False,0.497330848986012,False,0.04100779416661907,False,False
146,1698345786164450000,601.357254909651,7.433599475074885,0.845,-0.09358335622978994,False,0.5275835167155605,False,0.020996050991763496,False,False
147,1698345786264443000,594.2812802821211,7.436384009505143,0.815,-0.08327043592375617,False,0.5515035695429197,False,-0.06900731304710933,False,False
148,1698345786364436000,612.365452653345,7.444417726473237,0.87,-0.06078551787719108,False,0.5761620266093533,False,0.007314762455880398,False,False
149,1698345786464429000,601.0222021708439,7.446383362301801,0.91,-0.05462155523670455,False,0.5953593936260824,False,0.16206707372993653,False,False
150,1698345786564425000,612.479681280216,7.424618836361988,0.9,-0.04063487454463812,False,0.5873562174696276,False,0.24506197701628504,False,False
151,1698345786664418000,604.2388760820289,7.4027613723353385,0.91,-0.03780072832599516,False,0.5602211030915507,False,0.32849012392221977,False,False
152,1698345786764409000,612.4930360894167,7.388797717092627,0.86,-0.028849022156540026,False,0.5274702214315421,False,0.26023125372892,False,False
153,1698345786864403000,639.2449767733134,7.365512888347175,0.835,0.0,False,0.4816055441702184,False,0.1491207580798837,False,False
154,1698345786964399000,617.5656044753237,7.328108560160325,0.805,0.0018935298572532607,False,0.4126513784062583,False,-0.004651732690915725,False,False
155,1698345787064397000,621.7756818689915,7.305242578191392,0.89,0.006772965461758366,False,0.34185702937302154,False,0.10302709791619764,False,False
156,1698345787164398000,642.1496837798596,7.2995973813476045,0.84,0.027387418982822574,False,0.2867396166975256,False,0.05174370631372313,False,False
157,1698345787264402000,608.0635461700906,7.28619666126358,0.88,0.013043497719062333,False,0.23495570206830724,False,0.11717219061395441,False,False
158,1698345787364408000,618.3164703368232,7.293046288078093,0.935,0.011657826648643633,False,0.20545487493787426,False,0.3022965599543169,False,False
159,1698345787464416000,597.9177606037616,7.3028281126162495,0.88,-0.0065318489702409785,False,0.19444086503688537,False,0.2925591881623696,False,False
160,1698345787564429000,649.0219529075677,7.296279731339724,0.89,0.023875320362020964,False,0.1802799171810179,False,0.31107474251349754,False,False
161,1698345787664447000,610.6570558001908,7.289448208645612,0.795,0.012774357008924275,False,0.16363717585470575,False,0.08338434180712306,False,False
162,1698345787764469000,655.2971236647226,7.28069771093565,0.865,0.04268689148647867,False,0.1433666999506683,False,0.10132306355109781,False,False
163,1698345787864494000,649.4228174255348,7.284889268744284,0.87,0.05866683111846612,False,0.1333066819840847,False,0.1265460260746255,False,False
164,1698345787964521000,670.8587751056497,7.276676541144118,0.87,0.08794809445199153,False,0.11817389691097542,False,0.14420209984109486,False,False
165,1698345788064551000,684.8729766023323,7.280168733286709,0.84,0.12027515975905957,False,0.11102128210792926,False,0.0805662076611512,False,False
166,1698345788164613000,707.151919967872,7.285605912676084,0.82,0.1617110230124288,False,0.11137089160400011,False,-0.01464234607579118,False,False
167,1698345788264641000,700.9490989512091,7.2879501618802,0.895,0.18547997486316856,False,0.11392505646824838,False,0.10869952584953008,False,False
168,1698345788364669000,682.4467066057432,7.2625686159755,0.89,0.1864993241662886,False,0.09070832986849645,False,0.1823729788945097,False,False
169,1698345788464701000,684.3473597695329,7.216632016141585,0.825,0.18881731762984533,False,0.02920215810154013,False,0.06928825109030476,False,False
170,1698345788564739000,653.4717845773893,7.181614876079231,0.81,0.16437609184600344,False,-0.04834931430155734,False,-0.04786863028087506,False,False
171,1698345788664776000,667.7451466470151,7.171274188766036,0.755,0.15931618688432142,False,-0.11282247800234016,False,-0.26920287757090017,False,False
172,1698345788764817000,650.55236454406,7.179358198838489,0.775,0.14126085257515747,False,-0.14998972622995582,False,-0.37347342146293655,False,False
173,1698345788864855000,664.4769574320751,7.207931173802461,0.76,0.14037665583208825,False,-0.1478581201308286,False,-0.4844603740955985,False,False
174,1698345788964887000,629.5021440438204,7.226317308785526,0.725,0.11023349784160187,False,-0.128252886249113,False,-0.6508122420576791,False,False
175,1698345789064921000,642.9996152690846,7.227021477010952,0.78,0.10052726694226242,False,-0.11383551087014164,False,-0.627934119300936,False,False
176,1698345789164927000,654.2425320576297,7.24040666575692,0.67,0.10322368795282763,False,-0.09055692305355396,False,-0.8905682940316164,False,False
177,1698345789264946000,638.0933289947052,7.235786830767542,0.725,0.09147872597983045,False,-0.0788131442162397,False,-0.9350877860128916,False,False
178,1698345789364963000,665.7609221819743,7.246838236245118,0.81,0.10661303455939806,False,-0.05970520167425916,False,-0.7509318562531119,False,False
179,1698345789464978000,669.2960790246725,7.24910296294126,0.755,0.12019127661815154,False,-0.04409854531438101,False,-0.7613471357514671,False,False
180,1698345789564990000,657.3191405445931,7.256464380305997,0.87,0.11958563414872125,False,-0.02592178204878412,False,-0.47732311343716954,False,False
181,1698345789664994000,703.3258916067416,7.243894337206572,0.86,0.15799858791415378,False,-0.02558143169327177,False,-0.30383801242265235,False,False
182,1698345789764993000,728.2151848027116,7.251268785048636,0.835,0.20589811717939902,False,-0.01807824564980071,False,-0.24572772822621836,False,False
183,1698345789864990000,726.7541611534785,7.2642881315795576,0.81,0.23819445487895186,False,0.0,False,-0.26837981580244086,False,False
184,1698345789964987000,737.7015936602016,7.280880932729966,0.84,0.27004323889600584,False,0.02900117789007972,False,-0.20824113328932467,False,False
185,1698345790064990000,730.3700474016885,7.285808386933695,0.835,0.2861484143957596,False,0.0541562862625721,False,-0.1788099128328881,False,False
186,1698345790164992000,725.7232979535927,7.266537999875034,0.775,0.29349945293545304,False,0.05278063115867718,False,-0.3101983461463291,False,False
187,1698345790264999000,719.6826235648747,7.242685545413719,0.715,0.29354590463608143,False,0.028319415743026675,False,-0.5541605370986821,False,False
188,1698345790365015000,722.8866549847827,7.231275268834416,0.725,0.2962831251617336,False,-4.427444012730583e-05,False,-0.6996023561598383,False,False
189,1698345790465036000,793.9957239474702,7.236896388178005,0.825,0.35822637086784564,False,-0.014361209176860016,False,-0.548094483447739,False,False
190,1698345790565067000,818.5667046676116,7.236885221201959,0.75,0.42232839890772744,False,-0.024394064644330988,False,-0.6320268320904513,False,False
191,1698345790665107000,831.0841186996839,7.25339396497292,0.86,0.4777664764616033,False,-0.015153466703633527,False,-0.41213061547995017,False,False
192,1698345790765153000,743.3827141151992,7.262861913376197,0.81,0.44253940944746306,False,0.0006423057217978866,False,-0.3848618368800536,False,False
193,1698345790865199000,835.4754041678733,7.2823000232716435,0.725,0.4956211165396307,False,0.03084880961656597,False,-0.5810932660067983,False,False
194,1698345790965239000,858.4100554125017,7.3110586180323445,0.69,0.552138749189777,False,0.08032490563227937,False,-0.8071162675147384,False,False
195,1698345791065269000,807.7316060769388,7.314640063671353,0.66,0.5489205435246461,False,0.11848643571580435,False,-1.0413275123867678,False,False
196,1698345791165312000,781.5061806890192,7.277241074237429,0.645,0.5245294330939949,False,0.1083558745682162,False,-1.2432729557054247,False,False
197,1698345791265331000,790.9399053327269,7.253173965362771,0.755,0.51541919690593,False,0.077554758024708,False,-1.105985905368086,False,False
198,1698345791365344000,820.9274780558468,7.283742120001833,0.8,0.5343562396194229,False,0.08610820850737162,False,-0.8958922544072395,False,False
199,1698345791465351000,829.7366557896723,7.350157363371153,0.695,0.5550484952235069,False,0.1575246323990093,False,-1.0148097020923008,False,False
200,1698345791565362000,850.577113030198,7.391293600623442,0.725,0.5871256840989459,False,0.24804151279273365,False,-1.0220567716553715,False,False
201,1698345791665386000,783.9203663363048,7.444199705892045,0.825,0.5533109822931315,False,0.3635238038051013,False,-0.7738125742946121,False,False
202,1698345791765420000,858.5173606643851,7.464190502594805,0.84,0.5926122376560126,False,0.4640553503814856,False,-0.562044064233844,False,False
203,1698345791865460000,777.1025336699264,7.479342110036001,0.78,0.5513962512007046,False,0.549354046252948,False,-0.5657963948242516,False,False
204,1698345791965504000,782.3001851383661,7.47847197262182,0.75,0.5269326925798103,False,0.6082059170760589,False,-0.6444181700540099,False,False
205,1698345792065548000,747.6138531305508,7.511352678193573,0.82,0.48052750474201783,False,0.6817946693652022,False,-0.5221314104764047,False,False
206,1698345792165610000,773.8274697505394,7.535068966854354,0.785,0.4701722712709948,False,0.7566709090074517,False,-0.5251916798912991,False,False
207,1698345792265640000,760.4688654660013,7.541842353140332,0.76,0.4516468535946515,False,0.8157570814741448,False,-0.5906631549954521,False,False
208,1698345792365656000,764.1896972656122,7.544057895446934,0.745,0.44182002601839565,False,0.8593000447566012,False,-0.6744907594765952,False,False
209,1698345792465667000,788.6052777007396,7.547454307652552,0.865,0.45555182058120686,False,0.8931260961520484,False,-0.42918950734750455,False,False
210,1698345792565675000,731.1031252503473,7.530640003952405,0.845,0.4166232540946434,False,0.9002397128515491,False,-0.3081420600681242,False,False
211,1698345792665680000,756.856941405513,7.513501300958794,0.72,0.41111351196301904,False,0.8883350431458373,False,-0.5400552795411931,False,False
212,1698345792765682000,721.411214665442,7.487531830741762,0.755,0.3773349475769546,False,0.8544179384315468,False,-0.6137335320531241,False,False
213,1698345792865681000,711.9486468334015,7.450162983324436,0.795,0.34570206322493274,False,0.7938620273474607,False,-0.5639814503895119,False,False
214,1698345792965681000,767.4628869998414,7.422477677948042,0.785,0.37042175754369744,False,0.7241986978460023,False,-0.5544867078304743,False,False
215,1698345793065681000,790.7128885315028,7.420503957828027,0.85,0.40735218628501746,False,0.6734899558811942,False,-0.3831842431034564,False,False
216,1698345793165701000,714.256413141952,7.425945299447567,0.76,0.36866224652836727,False,0.6433543767870571,False,-0.49125794924396254,False,False
217,1698345793265692000,814.125282514618,7.445915057342823,0.81,0.42588425595547535,False,0.6419326878976818,False,-0.44025097051486206,False,False
218,1698345793365683000,816.3466296438546,7.438342910669563,0.775,0.4678148274398907,False,0.6334778017830462,False,-0.4932070865237101,False,False
219,1698345793465684000,827.0191364348011,7.436489144737621,0.745,0.5061754947432467,False,0.6257331431143782,False,-0.606271511546376,False,False
220,1698345793565690000,855.304581578315,7.4215814234845485,0.735,0.5569053076355773,False,0.605625533372398,False,-0.7107483236677324,False,False
221,1698345793665703000,778.7437185241863,7.417603212713423,0.76,0.527786817246489,False,0.5876310703221096,False,-0.7205528056389555,False,False
222,1698345793765718000,875.000188223631,7.422452723717321,0.8,0.5886594101310662,False,0.5798124442560096,False,-0.626089084596848,False,False
223,1698345793865733000,839.5566045394277,7.4495776882466425,0.735,0.6013502893311414,False,0.601061577700666,False,-0.7246206248030628,False,False
224,1698345793965748000,857.6678969886857,7.481215252695673,0.72,0.6255226721969552,False,0.6471037327573241,False,-0.8315902748556507,False,False
225,1698345794065760000,831.7223198788698,7.459095820646044,0.795,0.6205412095146451,False,0.6575422723061484,False,-0.7164811703512809,False,False
226,1698345794165757000,893.2484218353908,7.456826212460409,0.77,0.6689918519334729,False,0.6626133444081406,False,-0.6992340837119485,False,False
227,1698345794265765000,902.3046404491324,7.453637073863979,0.675,0.7105521685255913,False,0.6630213134763623,False,-0.9278124118165794,False,False
228,1698345794365770000,885.5352262626548,7.454526021498924,0.79,0.7254883781336636,False,0.664182639008951,False,-0.7965025235266754,False,False
229,1698345794465776000,845.7743189194334,7.447718126401968,0.815,0.7023792916908447,False,0.6582887657931176,False,-0.641256315210016,False,False
230,1698345794565775000,933.0547565466927,7.437909461654187,0.835,0.7598812904387964,False,0.6445000438064568,False,-0.48192054017737196,False,False
231,1698345794665768000,940.1355677735299,7.430772365980833,0.83,0.806110003237581,False,0.6278168252229392,False,-0.3830513549572668,False,False
232,1698345794765755000,984.886053813731,7.435290076546858,0.78,0.8762465212554603,False,0.6205891969245915,False,-0.440501498330648,False,False
233,1698345794865740000,871.4109712463246,7.434916916466066,0.765,0.8295513416637582,False,0.6151622382848989,False,-0.5187141706002515,False,False
234,1698345794965722000,997.4405384646587,7.450147158469882,0.665,0.9032534094880736,False,0.6263674473818238,False,-0.8267801872438825,False,False
235,1698345795065704000,946.940755809248,7.4330193588783615,0.695,0.9122151311057631,False,0.617337633846061,False,-0.9664312550779514,False,False
236,1698345795165715000,854.359438542776,7.433223392813384,0.785,0.8403352043386257,False,0.611217768499032,False,-0.8362015711123821,False,False
237,1698345795265719000,908.13770908339,7.464854982392248,0.76,0.8354165387142861,False,0.6380957382553288,False,-0.80837007885021,False,False
238,1698345795365721000,844.9507211164079,7.4733664914751525,0.735,0.778633758559277,False,0.6652954343008886,False,-0.8522173207804166,False,False
239,1698345795465714000,854.1387237248504,7.440768314466845,0.69,0.7466419256813044,False,0.6522211119682985,False,-0.996903105856271,False,False
240,1698345795565701000,846.6454950861832,7.405420159182535,0.655,0.7179221841029244,False,0.6082458343661076,False,-1.1868441565285868,False,False
241,1698345795665683000,980.6492583095305,7.4076876383777535,0.72,0.8109385288868804,False,0.5796969482508392,False,-1.1551467470635168,False,False
242,1698345795765660000,953.0955536487193,7.445018232425631,0.82,0.8527903280285858,False,0.5964889804291489,False,-0.879641414383059,False,False
243,1698345795865645000,920.4848391523,7.455749306917893,0.735,0.8545580368883586,False,0.6188151260874821,False,-0.9021072556534112,False,False
244,1698345795965646000,891.0903822898117,7.43264867321678,0.72,0.8309819077255008,False,0.6116858277844288,False,-0.9558309164508942,False,False
245,1698345796065652000,915.3972553505101,7.428609639806362,0.775,0.8349974251278764,False,0.6027162632894008,False,-0.8541130486789322,False,False
246,1698345796165678000,864.061606661075,7.4099377169416805,0.785,0.7944729596037864,False,0.5780429144632273,False,-0.7575788266330689,False,False
247,1698345796265694000,828.0757496987944,7.409080623523192,0.775,0.7357281343400179,False,0.5599272042965467,False,-0.7153365858064545,False,False
248,1698345796365716000,916.9813519627578,7.408816423118502,0.735,0.7696570094006832,False,0.5469859300256877,False,-0.7870938756497882,False,False
249,1698345796465734000,918.0227069416984,7.419170625266311,0.77,0.7942862886428494,False,0.5481274852004403,False,-0.7486629774209036,False,False
250,1698345796565745000,952.0361958305806,7.42757928857735,0.74,0.8402394959421674,False,0.5572103724779124,False,-0.7977564924771569,False,False
251,1698345796665753000,820.2301630135916,7.424082380665054,0.705,0.7611418058353373,False,0.5601234130812481,False,-0.9207829541357524,False,False
252,1698345796765773000,976.7362760558538,7.417380622839467,0.76,0.8378890942244649,False,0.5555603015982433,False,-0.8675770469665691,False,False
253,1698345796865802000,826.1235469763254,7.400701508541427,0.74,0.7644714637218807,False,0.5359346861865344,False,-0.8809963411591234,False,False
254,1698345796965831000,952.2492352430146,7.415789739146499,0.8,0.8195489571279105,False,0.5370609329461176,False,-0.7383995594609659,False,False
255,1698345797065860000,918.8611840669156,7.419376154158783,0.82,0.8299184580682479,False,0.5413824641307933,False,-0.5879183830612736,False,False
256,1698345797165862000,908.506649234909,7.4317515519097785,0.81,0.8284362595964722,False,0.5565991649330042,False,-0.5079132741869795,False,False
257,1698345797265887000,898.0006509068226,7.440884893823014,0.785,0.8185300126232468,False,0.5762485716188852,False,-0.5152389844887009,False,False
258,1698345797365906000,935.680976418875,7.4489294690534145,0.84,0.843403735983311,False,0.5979282734085544,False,-0.3810425513697065,False,False
259,1698345797465921000,931.8355427115099,7.456355231914353,0.87,0.8575691940128216,False,0.6204195584711514,False,-0.2111099043699375,False,False
260,1698345797565932000,956.7321938387631,7.452795808770423,0.87,0.888501687509327,False,0.6326568906139376,False,-0.09215705147009885,False,False
261,1698345797665941000,909.4590971753177,7.458296231567318,0.835,0.8702485354397478,False,0.6466417672450511,False,-0.09755105555943118,False,False
262,1698345797765948000,996.0440798302802,7.476628028635595,0.875,0.9305626153298854,False,0.6744907594765952,False,0.0,False,False
263,1698345797865954000,957.7727945456764,7.481231800819749,0.9,0.9404755124072469,False,0.6985204623927702,False,0.13161502540532974,False,False
264,1698345797965955000,948.9006025455892,7.4815555366281785,0.82,0.9399250207467144,False,0.7156601829195496,False,0.021091826345133798,False,False
265,1698345798065963000,982.2394903241866,7.501726666169359,0.715,0.9676829194207405,False,0.7475295851374534,False,-0.32225741635465766,False,False
266,1698345798165952000,921.3655168333164,7.509421784572027,0.74,0.9357262807577702,False,0.7774190162397003,False,-0.4992725997307851,False,False
267,1698345798265958000,1033.8641387190908,7.53114991541165,0.825,1.0083230901489098,False,0.8197470964291969,False,-0.40786365394740215,False,False
268,1698345798365960000,961.853370469695,7.539800105298145,0.72,0.9983524899620311,False,0.8578984912375297,False,-0.6098603952566882,False,False
269,1698345798465959000,1095.1750916289745,7.539439820803927,0.715,1.103917483396237,False,0.8842495331627398,False,-0.7639239714759333,False,False
270,1698345798565952000,926.5085274724573,7.524140859643168,0.785,1.0354319820206404,False,0.8876234836555719,False,-0.6944464725909689,False,False
271,1698345798665942000,1039.6947541775144,7.5268369846202425,0.81,1.0830390336733848,False,0.8926413378024334,False,-0.5824829368577669,False,False
272,1698345798765929000,903.1184377137115,7.512834387078487,0.765,1.00107216809212,False,0.8823591700854769,False,-0.6181011775692338,False,False
273,1698345798865920000,1044.645606545683,7.529760754630617,0.77,1.0631664587268295,False,0.8918366717179299,False,-0.6303680887645157,False,False
274,1698345798965914000,938.6138036886301,7.536751260280891,0.725,1.0171250138121886,False,0.9053576228226363,False,-0.752947642325921,False,False
275,1698345799065907000,974.8202088765516,7.52900638236299,0.765,1.015459879013646,False,0.9071924184361474,False,-0.737426471396943,False,False
276,1698345799165869000,916.4758778925483,7.512789929060707,0.72,0.9650425313893948,False,0.8925011286917426,False,-0.8405543674713662,False,False
277,1698345799265859000,996.4946027760809,7.472906664353696,0.82,0.997298724421996,False,0.8429262086992464,False,-0.659426748668554,False,False
278,1698345799365843000,954.9767527926205,7.42736472133892,0.81,0.9848304916148564,False,0.7633580979102144,False,-0.5579691301120758,False,False
279,1698345799465821000,1012.5491159255599,7.385272133098157,0.745,1.0247028201428878,False,0.6661928870577338,False,-0.6516049420582318,False,False
280,1698345799565797000,944.6964593141413,7.373444361321111,0.775,0.9953351808195592,False,0.5865251044764249,False,-0.6411548666040688,False,False
281,1698345799665779000,999.1545140708066,7.403627870748911,0.775,1.020748960752336,False,0.5604929553200411,False,-0.6338398137861551,False,False
282,1698345799765767000,893.3859886333063,7.3967645138286375,0.82,0.9492534057230692,False,0.5355090115803411,False,-0.5147265610889064,False,False
283,1698345799865771000,979.6412919368627,7.4190185302690566,0.775,0.972019502534314,False,0.5399438058299073,False,-0.5453399999255418,False,False
284,1698345799965784000,978.6079935782063,7.427845561381149,0.83,0.9870835046518361,False,0.5517441156976853,False,-0.4274449767809861,False,False
285,1698345800065807000,1005.7999406920965,7.452706819950617,0.835,1.0205825683129377,False,0.5844964132944057,False,-0.33225260327705186,False,False
286,1698345800165853000,925.124423704342,7.438856732357911,0.775,0.975929141103101,False,0.5937786012411069,False,-0.4176082294572435,False,False
287,1698345800265887000,949.6132803941082,7.426665887291822,0.735,0.9653441725578802,False,0.5882663159960554,False,-0.5786840262053405,False,False
288,1698345800365920000,998.6644191074614,7.434815581095556,0.825,0.9993415380612086,False,0.5924363910465302,False,-0.46345165247959086,False,False
289,1698345800465945000,996.7100222733059,7.438666502858726,0.775,1.0214898768870195,False,0.5991491809861063,False,-0.5094475638990205,False,False
290,1698345800565976000,913.9447217649107,7.429067081637826,0.755,0.9671268376982447,False,0.5943912595681353,False,-0.5923081311036026,False,False
291,1698345800666002000,1049.8982865668568,7.440333942200578,0.765,1.0438388120660422,False,0.6021602676109221,False,-0.6249788135413186,False,False
292,1698345800766029000,1078.529942038034,7.446952906323989,0.68,1.1217067956436433,False,0.6141192488911832,False,-0.8631678653943922,False,False
293,1698345800866056000,894.4922740737067,7.435125427011069,0.705,1.0208577683255944,False,0.6108386889239665,False,-0.9665709151778163,False,False
294,1698345800966083000,1096.754433718207,7.455769747407575,0.685,1.1210043903312963,False,0.6288800589919736,False,-1.0896164792371954,False,False
295,1698345801066110000,834.7985532353874,7.45281286330693,0.735,0.9699752349626052,False,0.6385960422632524,False,-1.0490898010513061,False,False
296,1698345801166157000,1011.0112204285513,7.483530594599378,0.69,1.0130059158209674,False,0.6756588181274026,False,-1.1347138420458929,False,False
297,1698345801266172000,980.0439857262506,7.48082226182451,0.69,1.0169861962311644,False,0.6989346459126381,False,-1.1946506707421036,False,False
298,1698345801366182000,964.2882917010061,7.493344507308671,0.73,1.0064721190972696,False,0.727564021449327,False,-1.135279592407488,False,False
299,1698345801466200000,1024.5783671668528,7.495887421664341,0.825,1.0500065314548468,False,0.7501097376104296,False,-0.8530685488210938,False,False
300,1698345801566220000,1012.7959018632073,7.470080279673418,0.745,1.0705343740139774,False,0.7404678207319639,False,-0.8581745351545443,False,False
301,1698345801666241000,1002.1371280404009,7.466963609439037,0.73,1.0759061893170776,False,0.7306480897551627,False,-0.8997462974961962,False,False
302,1698345801766263000,1001.3350146781512,7.4583679651088985,0.735,1.0789893507241615,False,0.7153062749764735,False,-0.9161806738326067,False,False
303,1698345801866280000,772.9366436249265,7.434673199152122,0.72,0.8883435666868982,False,0.6812240946936131,False,-0.9656823091763312,False,False
304,1698345801966293000,882.3786185156928,7.47014269856604,0.695,0.8472776855188494,False,0.6923093626919076,False,-1.0636627404306649,False,False
305,1698345802066307000,949.2767002797044,7.473543465510918,0.78,0.8750040273170218,False,0.70341931746189,False,-0.9169294681620263,False,False
306,1698345802166302000,901.3915265150962,7.457678532120999,0.74,0.8539898801214433,False,0.6955669391356591,False,-0.9155430359959426,False,False
307,1698345802266312000,875.5370588214927,7.47904708222065,0.81,0.8174547570130385,False,0.7111215115884331,False,-0.737250531241248,False,False
308,1698345802366322000,911.9303549867265,7.48409964063763,0.735,0.8226018127346602,False,0.7269872426299202,False,-0.8024336374541431,False,False
