frame_idx,blur,illumination,occlusion,gt_fault,gt_blur,gt_illumination,gt_occlusion
0,373.53152452011926,6.283711814027655,1.0,False,False,False,False
1,374.1389911219632,6.2776505294140845,1.0,False,False,False,False
2,373.5363409052567,6.284674580154291,1.0,False,False,False,False
3,373.2294507934373,6.283629162946216,1.0,False,False,False,False
4,373.70724288916864,6.2873073425178525,1.0,False,False,False,False
5,373.29975778895687,6.283811154581789,1.0,False,False,False,False
6,373.71306821481875,6.2842971066768545,1.0,False,False,False,False
7,374.4378590042281,6.274621481354252,1.0,False,False,False,False
8,374.5022205385286,6.272273013453596,1.0,False,False,False,False
9,373.74910583499195,6.271725934675219,1.0,False,False,False,False
10,374.6611471530888,6.275699753901183,1.0,False,False,False,False
11,372.904058119801,6.284901059026446,1.0,False,False,False,False
12,372.8540990066692,6.285318895289652,1.0,False,False,False,False
13,372.38679947819764,6.28775178564265,1.0,False,False,False,False
14,372.22347110942985,6.285218768368993,1.0,False,False,False,False
15,372.7828135467698,6.276322705749721,1.0,False,False,False,False
16,372.5350987506856,6.278498460159878,1.0,False,False,False,False
17,372.6979674964235,6.284631083758285,1.0,False,False,False,False
18,373.009483682936,6.2850641094523345,1.0,False,False,False,False
19,372.1972490761229,6.282937216861338,1.0,False,False,False,False
20,372.0810111531002,6.285030187012245,1.0,False,False,False,False
21,373.01455476373485,6.284454759418352,1.0,False,False,False,False
22,373.14575840969763,6.277961491154347,1.0,False,False,False,False
23,373.5051867654579,6.288058081344078,1.0,False,False,False,False
24,373.91037891250573,6.2870555141888556,1.0,False,False,False,False
25,373.6175124719481,6.287328901355686,1.0,False,False,False,False
26,373.31254113307,6.287001794749575,1.0,False,False,False,False
27,374.1054791544877,6.2875284447506505,1.0,False,False,False,False
28,373.9965218469423,6.276075737341431,1.0,False,False,False,False
29,373.900569057482,6.276114331422435,1.0,False,False,False,False
30,375.4052238183347,6.276928003303174,1.0,False,False,False,False
31,375.12824227348625,6.276121976472184,1.0,False,False,False,False
32,375.3339416614112,6.276114924869923,1.0,False,False,False,False
33,375.95296295224057,6.277053650940123,1.0,False,False,False,False
34,375.10027469849297,6.2759035438284645,1.0,False,False,False,False
35,375.03092550277506,6.275682090876421,1.0,False,False,False,False
36,375.7377566003779,6.275478228619695,1.0,False,False,False,False
37,375.9156850192786,6.279108790891801,1.0,False,False,False,False
38,376.2811705910288,6.275967076937708,1.0,False,False,False,False
39,375.6808361792132,6.275609436719391,1.0,False,False,False,False
40,375.4392752747912,6.27492221651437,1.0,False,False,False,False
41,375.6042658616385,6.273891782057588,1.0,False,False,False,False
42,376.0578056672059,6.277852326061272,1.0,False,False,False,False
43,375.24127717710275,6.274214937964805,1.0,False,False,False,False
44,375.4065009530724,6.274656482638578,1.0,False,False,False,False
45,375.44014958067953,6.276096999518202,1.0,False,False,False,False
46,375.59298525797044,6.2750283086956085,1.0,False,False,False,False
47,375.3661121797674,6.276566247091582,1.0,False,False,False,False
48,375.7817561396343,6.274976450332501,1.0,False,False,False,False
49,375.35089469734567,6.275250593030771,1.0,False,False,False,False
50,376.96627806642357,6.276914031051312,1.0,False,False,False,False
51,377.28638772320994,6.278071689642978,1.0,False,False,False,False
52,377.27542291911624,6.277046982296235,1.0,False,False,False,False
53,376.62438153507753,6.280111680557553,1.0,False,False,False,False
54,377.5951465944595,6.278615014031034,1.0,False,False,False,False
55,376.32130098466325,6.2765929537719725,1.0,False,False,False,False
56,373.09454998506754,6.260160339029844,1.0,False,False,False,False
57,371.40690126091846,6.253033472090613,1.0,False,False,False,False
58,371.86954905488454,6.252888590271441,1.0,False,False,False,False
59,1.411910111461621,6.258110906114819,0.755,True,True,False,False
60,1.4064851609190805,6.260287011512282,0.99,True,True,False,False
61,1.408028990387994,6.260292133675463,0.995,True,True,False,False
62,1.4039683591503533,6.26149437844737,1.0,True,True,False,False
63,1.4050723801924487,6.268338767847283,0.97,True,True,False,False
64,1.4093574063504393,6.278111021183452,0.99,True,True,False,False
65,1.4145023098060776,6.283031089337998,0.985,True,True,False,False
66,1.4132421154329058,6.2820913164089465,0.995,True,True,False,False
67,1.4157373747888273,6.281311648512306,0.97,True,True,False,False
68,1.412691004020017,6.29094533994232,0.99,True,True,False,False
69,1.4143353620073582,6.2904433440170955,0.96,True,True,False,False
70,1.4137250104448582,6.279323857578019,0.955,True,True,False,False
71,1.4026848277702257,6.251115906626065,0.995,True,True,False,False
72,1.4165739160011743,6.275783875544883,0.98,True,True,False,False
73,1.4197980041187066,6.291782862030925,0.985,True,True,False,False
74,1.4280036435717118,6.308942139785492,0.94,True,True,False,False
75,1.4280377536154898,6.322531085725751,0.89,True,True,False,False
76,1.42743099382579,6.327606019277665,0.955,True,True,False,False
77,1.4265136689746876,6.334209240239491,0.98,True,True,False,False
78,1.4372091849679354,6.35654667169241,0.95,True,True,False,False
79,1.4450234766359922,6.368303688606384,0.965,True,True,False,False
80,1.447089693898973,6.361414276835862,0.96,True,True,False,False
81,1.441783222450414,6.362592760597221,0.95,True,True,False,False
82,1.4502078731444419,6.375110747409593,0.93,True,True,False,False
83,1.449324651157232,6.383168030054928,0.945,True,True,False,False
84,1.461761469707847,6.391903679083561,0.885,True,True,False,False
85,1.4802856364748265,6.43943654621037,0.915,True,True,False,False
86,1.498400519485988,6.490571395950889,0.92,True,True,False,False
87,1.5142822219091099,6.5310821685039055,0.925,True,True,False,False
88,1.5261499681912851,6.571281691527865,0.955,True,True,False,False
89,1.5367323884991835,6.586635296081639,0.92,True,True,False,False
90,1.5455340133322513,6.606379948218147,0.85,True,True,False,False
91,1.5340576039878557,6.589144668001527,0.795,True,True,False,False
92,1.5341545502207272,6.596059746811343,0.765,True,True,False,False
93,1.5299305632729792,6.604963602821485,0.72,True,True,False,False
94,1.526828532422986,6.6110395121287215,0.86,True,True,False,False
95,1.5254283160660866,6.62925454904324,0.87,True,True,False,False
96,1.534244312134581,6.65225941291618,0.86,True,True,False,False
97,1.533007453440666,6.684240504433539,0.885,True,True,False,False
98,1.537217073993287,6.706325728222705,0.865,True,True,False,False
99,1.5562115717634146,6.761427326667464,0.815,True,True,False,False
100,1.5682767893100693,6.761708958518271,0.845,True,True,False,False
101,1.5812288137011,6.757764447381605,0.85,True,True,False,False
102,1.5766673294318176,6.740621875503615,0.805,True,True,False,False
103,1.5814514076337218,6.770615326477209,0.82,True,True,False,False
104,1.601368614224311,6.821010488165655,0.89,True,True,False,False
105,1.5984909850491733,6.8398911956702095,0.89,True,True,False,False
106,1.6051958801295725,6.86274878428218,0.81,True,True,False,False
107,1.5975862293372054,6.867524855188966,0.915,True,True,False,False
108,1.5996955404232116,6.882764962649213,0.865,True,True,False,False
109,1.5950784117602146,6.902366952936124,0.88,True,True,False,False
110,1.6150422917588723,6.94644037811835,0.9,True,True,False,False
111,1.6315576818749102,6.993271138318093,0.925,True,True,False,False
112,1.6361209567616917,7.0220530127011,0.935,True,True,False,False
113,1.645462929296942,7.06323183020574,0.93,True,True,False,False
114,1.6538211588802583,7.1005332706230995,0.89,True,True,False,False
115,1.6522521965405468,7.126149731948493,0.915,True,True,False,False
116,1.6546002542084424,7.123016822358969,0.915,True,True,False,False
117,1.657163731260773,7.118373346969872,0.875,True,True,False,False
118,473.13994973294666,7.134058491880114,0.91,False,False,False,False
119,483.0114104549745,7.152961534056434,0.885,False,False,False,False
120,481.4057992211959,7.159962040966779,0.79,False,False,False,False
121,474.81203839600494,7.163880666635781,0.845,False,False,False,False
122,474.561896246323,7.184235318731215,0.875,False,False,False,False
123,493.2762125998116,7.192939904518563,0.87,False,False,False,False
124,506.343593358913,7.193055227009175,0.9,False,False,False,False
125,509.77393392865,7.177623308799511,0.85,False,False,False,False
126,481.72428680809094,7.150812028793082,0.885,False,False,False,False
127,484.4215199824094,7.134622569366998,0.805,False,False,False,False
128,479.6665608894989,7.132044678022152,0.825,False,False,False,False
129,477.78981106462453,7.146988182653356,0.86,False,False,False,False
130,495.2560062634768,7.164450304678365,0.8,False,False,False,False
131,482.02667551263073,7.173806878336231,0.845,False,False,False,False
132,475.2258109047003,7.189985429653381,0.73,False,False,False,False
133,496.0732629199877,7.214338717548824,0.8,False,False,False,False
134,487.1026645086087,7.24587468596679,0.895,False,False,False,False
135,514.113763422209,7.257522322383147,0.92,False,False,False,False
136,504.7677301224869,7.2827803769637764,0.92,False,False,False,False
137,499.78765432515974,7.306120919329594,0.935,False,False,False,False
138,522.9651833039943,7.325686168202968,0.95,False,False,False,False
139,538.4027275248659,7.352599977124493,0.85,False,False,False,False
140,559.4902620007088,7.376748153021463,0.85,False,False,False,False
141,567.8102415104922,7.405037530434942,0.75,False,False,False,False
142,564.905451084036,7.411364621837883,0.76,False,False,False,False
143,578.6253475872928,7.414259509012107,0.815,False,False,False,False
144,588.7020232751707,7.420935644566973,0.9,False,False,False,False
145,590.7194434616677,7.425740923365344,0.88,False,False,False,False
146,601.357254909651,7.433599475074885,0.845,False,False,False,False
147,594.2812802821211,7.436384009505143,0.815,False,False,False,False
148,612.365452653345,7.444417726473237,0.87,False,False,False,False
149,601.0222021708439,7.446383362301801,0.91,False,False,False,False
150,612.479681280216,7.424618836361988,0.9,False,False,False,False
151,604.2388760820289,7.4027613723353385,0.91,False,False,False,False
152,612.4930360894167,7.388797717092627,0.86,False,False,False,False
153,639.2449767733134,7.365512888347175,0.835,False,False,False,False
154,617.5656044753237,7.328108560160325,0.805,False,False,False,False
155,621.7756818689915,7.305242578191392,0.89,False,False,False,False
156,642.1496837798596,7.2995973813476045,0.84,False,False,False,False
157,608.0635461700906,7.28619666126358,0.88,False,False,False,False
158,618.3164703368232,7.293046288078093,0.935,False,False,False,False
159,597.9177606037616,7.3028281126162495,0.88,False,False,False,False
160,649.0219529075677,7.296279731339724,0.89,False,False,False,False
161,610.6570558001908,7.289448208645612,0.795,False,False,False,False
162,655.2971236647226,7.28069771093565,0.865,False,False,False,False
163,649.4228174255348,7.284889268744284,0.87,False,False,False,False
164,670.8587751056497,7.276676541144118,0.87,False,False,False,False
165,684.8729766023323,7.280168733286709,0.84,False,False,False,False
166,707.151919967872,7.285605912676084,0.82,False,False,False,False
167,700.9490989512091,7.2879501618802,0.895,False,False,False,False
168,682.4467066057432,7.2625686159755,0.89,False,False,False,False
169,684.3473597695329,7.216632016141585,0.825,False,False,False,False
170,653.4717845773893,7.181614876079231,0.81,False,False,False,False
171,667.7451466470151,7.171274188766036,0.755,False,False,False,False
172,650.55236454406,7.179358198838489,0.775,False,False,False,False
173,664.4769574320751,7.207931173802461,0.76,False,False,False,False
174,629.5021440438204,7.226317308785526,0.725,False,False,False,False
175,642.9996152690846,7.227021477010952,0.78,False,False,False,False
176,654.2425320576297,7.24040666575692,0.67,False,False,False,False
177,638.0933289947052,7.235786830767542,0.725,False,False,False,False
178,665.7609221819743,7.246838236245118,0.81,False,False,False,False
179,669.2960790246725,7.24910296294126,0.755,False,False,False,False
180,657.3191405445931,7.256464380305997,0.87,False,False,False,False
181,703.3258916067416,7.243894337206572,0.86,False,False,False,False
182,728.2151848027116,7.251268785048636,0.835,False,False,False,False
183,726.7541611534785,7.2642881315795576,0.81,False,False,False,False
184,737.7015936602016,7.280880932729966,0.84,False,False,False,False
185,730.3700474016885,7.285808386933695,0.835,False,False,False,False
186,725.7232979535927,7.266537999875034,0.775,False,False,False,False
187,719.6826235648747,7.242685545413719,0.715,False,False,False,False
188,722.8866549847827,7.231275268834416,0.725,False,False,False,False
189,793.9957239474702,7.236896388178005,0.825,False,False,False,False
190,818.5667046676116,7.236885221201959,0.75,False,False,False,False
191,831.0841186996839,7.25339396497292,0.86,False,False,False,False
192,743.3827141151992,7.262861913376197,0.81,False,False,False,False
193,835.4754041678733,7.2823000232716435,0.725,False,False,False,False
194,858.4100554125017,7.3110586180323445,0.69,False,False,False,False
195,807.7316060769388,7.314640063671353,0.66,False,False,False,False
196,781.5061806890192,7.277241074237429,0.645,False,False,False,False
197,790.9399053327269,7.253173965362771,0.755,False,False,False,False
198,820.9274780558468,7.283742120001833,0.8,False,False,False,False
199,829.7366557896723,7.350157363371153,0.695,False,False,False,False
200,850.577113030198,7.391293600623442,0.725,False,False,False,False
201,783.9203663363048,7.444199705892045,0.825,False,False,False,False
202,858.5173606643851,7.464190502594805,0.84,False,False,False,False
203,777.1025336699264,7.479342110036001,0.78,False,False,False,False
204,782.3001851383661,7.47847197262182,0.75,False,False,False,False
205,747.6138531305508,7.511352678193573,0.82,False,False,False,False
206,773.8274697505394,7.535068966854354,0.785,False,False,False,False
207,760.4688654660013,7.541842353140332,0.76,False,False,False,False
208,764.1896972656122,7.544057895446934,0.745,False,False,False,False
209,788.6052777007396,7.547454307652552,0.865,False,False,False,False
210,731.1031252503473,7.530640003952405,0.845,False,False,False,False
211,756.856941405513,7.513501300958794,0.72,False,False,False,False
212,721.411214665442,7.487531830741762,0.755,False,False,False,False
213,711.9486468334015,7.450162983324436,0.795,False,False,False,False
214,767.4628869998414,7.422477677948042,0.785,False,False,False,False
215,790.7128885315028,7.420503957828027,0.85,False,False,False,False
216,714.256413141952,7.425945299447567,0.76,False,False,False,False
217,814.125282514618,7.445915057342823,0.81,False,False,False,False
218,816.3466296438546,7.438342910669563,0.775,False,False,False,False
219,1.8181565151256625,7.320862094281878,0.525,True,True,False,False
220,1.8205907479618193,7.297468402365229,0.545,True,True,False,False
221,1.8077069413574303,7.306069177329317,0.545,True,True,False,False
222,1.8214685770338175,7.304170407335954,0.6,True,True,False,False
223,1.830227122506752,7.332408081810558,0.58,True,True,False,False
224,1.8337168968588782,7.352394296186462,0.49,True,True,False,False
225,1.8400501921792292,7.33028638777926,0.615,True,True,False,False
226,1.8385476504539535,7.30768905042442,0.58,True,True,False,False
227,1.841599406758291,7.298818987693243,0.565,True,True,False,False
228,1.847074619304247,7.316073005164248,0.61,True,True,False,False
229,1.8368763642862542,7.312332054834431,0.585,True,True,False,False
230,1.8440031140340187,7.321115863944321,0.645,True,True,False,False
231,1.8430911789529,7.311019590176718,0.645,True,True,False,False
232,1.846995624794164,7.309313261608176,0.62,True,True,False,False
233,1.8519430702945352,7.317499335946747,0.61,True,True,False,False
234,1.8793981190268143,7.296888468822013,0.525,True,True,False,False
235,1.8768938705292901,7.23883119659687,0.345,True,True,False,False
236,1.8632686839351966,7.23975882390046,0.415,True,True,False,False
237,1.859053658105588,7.282409205431391,0.455,True,True,False,False
238,1.873931879864097,7.319566510504034,0.6,True,True,False,False
239,1.8726106519846304,7.3295149518699425,0.515,True,True,False,False
240,1.8454194909870416,7.314817157052989,0.47,True,True,False,False
241,1.8460477899411971,7.312412960775999,0.44,True,True,False,False
242,1.8510580623818877,7.315842902294062,0.505,True,True,False,False
243,1.8506200436766946,7.32041779633782,0.56,True,True,False,False
244,1.8499719951701412,7.297846334226702,0.535,True,True,False,False
245,1.8374005480537312,7.289843459723592,0.565,True,True,False,False
246,1.843732046627256,7.25558957275914,0.565,True,True,False,False
247,1.8501012443748515,7.273361196650187,0.615,True,True,False,False
248,1.8313939672150361,7.29281402702145,0.615,True,True,False,False
249,1.8472290038546888,7.310958766571813,0.555,True,True,False,False
250,1.8653923461671311,7.3043785166564765,0.57,True,True,False,False
251,1.8642631976939352,7.2850362434989435,0.49,True,True,False,False
252,1.8561473154691674,7.2677113490233864,0.45,True,True,False,False
253,1.8524905879881919,7.2575332436877655,0.575,True,True,False,False
254,1.8677996452930012,7.26370774794946,0.72,True,True,False,False
255,1.8757090794863538,7.261851689129836,0.555,True,True,False,False
256,1.87488331279321,7.294650305006476,0.59,True,True,False,False
257,1.8624680403420202,7.311528246026004,0.52,True,True,False,False
258,1.8627983532736407,7.327167107912892,0.61,True,True,False,False
259,1.8663330067683876,7.344675187729777,0.625,True,True,False,False
260,1.852752685466311,7.352961228747173,0.55,True,True,False,False
261,1.853851313457847,7.36074847531001,0.575,True,True,False,False
262,1.8514404286433876,7.392774991639012,0.65,True,True,False,False
263,957.7727945456764,7.481231800819749,0.695,False,False,False,False
264,948.9006025455892,7.4815555366281785,0.82,False,False,False,False
265,982.2394903241866,7.501726666169359,0.715,False,False,False,False
266,921.3655168333164,7.509421784572027,0.74,False,False,False,False
267,1033.8641387190908,7.53114991541165,0.825,False,False,False,False
268,961.853370469695,7.539800105298145,0.72,False,False,False,False
269,1095.1750916289745,7.539439820803927,0.715,False,False,False,False
270,926.5085274724573,7.524140859643168,0.785,False,False,False,False
271,1039.6947541775144,7.5268369846202425,0.81,False,False,False,False
272,903.1184377137115,7.512834387078487,0.765,False,False,False,False
273,1044.645606545683,7.529760754630617,0.77,False,False,False,False
274,938.6138036886301,7.536751260280891,0.725,False,False,False,False
275,974.8202088765516,7.52900638236299,0.765,False,False,False,False
276,916.4758778925483,7.512789929060707,0.72,False,False,False,False
277,996.4946027760809,7.472906664353696,0.82,False,False,False,False
278,954.9767527926205,7.42736472133892,0.81,False,False,False,False
279,1012.5491159255599,7.385272133098157,0.745,False,False,False,False
280,944.6964593141413,7.373444361321111,0.775,False,False,False,False
281,999.1545140708066,7.403627870748911,0.775,False,False,False,False
282,893.3859886333063,7.3967645138286375,0.82,False,False,False,False
283,979.6412919368627,7.4190185302690566,0.775,False,False,False,False
284,978.6079935782063,7.427845561381149,0.83,False,False,False,False
285,1005.7999406920965,7.452706819950617,0.835,False,False,False,False
286,925.124423704342,7.438856732357911,0.775,False,False,False,False
287,949.6132803941082,7.426665887291822,0.735,False,False,False,False
288,998.6644191074614,7.434815581095556,0.825,False,False,False,False
289,996.7100222733059,7.438666502858726,0.775,False,False,False,False
290,913.9447217649107,7.429067081637826,0.755,False,False,False,False
291,1049.8982865668568,7.440333942200578,0.765,False,False,False,False
292,1078.529942038034,7.446952906323989,0.68,False,False,False,False
293,894.4922740737067,7.435125427011069,0.705,False,False,False,False
294,1096.754433718207,7.455769747407575,0.685,False,False,False,False
295,834.7985532353874,7.45281286330693,0.735,False,False,False,False
296,1011.0112204285513,7.483530594599378,0.69,False,False,False,False
297,980.0439857262506,7.48082226182451,0.69,False,False,False,False
298,964.2882917010061,7.493344507308671,0.73,False,False,False,False
299,1024.5783671668528,7.495887421664341,0.825,False,False,False,False
300,1012.7959018632073,7.470080279673418,0.745,False,False,False,False
301,1002.1371280404009,7.466963609439037,0.73,False,False,False,False
302,1001.3350146781512,7.4583679651088985,0.735,False,False,False,False
303,772.9366436249265,7.434673199152122,0.72,False,False,False,False
304,882.3786185156928,7.47014269856604,0.695,False,False,False,False
305,949.2767002797044,7.473543465510918,0.78,False,False,False,False
306,901.3915265150962,7.457678532120999,0.74,False,False,False,False
307,875.5370588214927,7.47904708222065,0.81,False,False,False,False
308,911.9303549867265,7.48409964063763,0.735,False,False,False,False
309,920.1380910728913,7.480226602330024,0.79,False,False,False,False
310,881.8652228861531,7.493418342095987,0.715,False,False,False,False
311,855.2066505463556,7.501393889727603,0.735,False,False,False,False
312,936.7892989076829,7.519190530182872,0.65,False,False,False,False
313,918.8235292007993,7.509052163456321,0.635,False,False,False,False
314,959.385860185606,7.522881932056642,0.615,False,False,False,False
315,884.0234835023982,7.507281993565129,0.65,False,False,False,False
316,853.3200665628021,7.514218552288352,0.62,False,False,False,False
317,902.7400038350844,7.513889725474131,0.62,False,False,False,False
318,753.8326213920013,7.523428570193897,0.745,False,False,False,False
319,829.4317980597092,7.504184079738351,0.785,False,False,False,False
320,776.1437139582747,7.493967653553568,0.745,False,False,False,False
321,800.8137332388653,7.526262733931739,0.785,False,False,False,False
322,764.0810327898022,7.489828917897492,0.75,False,False,False,False
323,752.4165689527285,7.465378640560999,0.73,False,False,False,False
324,833.1409544636912,7.431501642583619,0.725,False,False,False,False
325,697.255607992459,7.451808812172841,0.77,False,False,False,False
326,680.6410450427487,7.46248886895706,0.75,False,False,False,False
327,728.3470222997128,7.460824308945304,0.85,False,False,False,False
328,689.6510963085071,7.443573150679729,0.875,False,False,False,False
329,703.6531945280859,7.414009052844873,0.675,False,False,False,False
330,649.8912101544595,7.366244901911767,0.855,False,False,False,False
331,664.9494070919603,7.326877112573949,0.775,False,False,False,False
332,594.6900899838688,7.276739958777912,0.74,False,False,False,False
333,580.6414750438557,7.250679819459915,0.735,False,False,False,False
334,593.5849429779271,7.254379387380298,0.795,False,False,False,False
335,534.0231743087818,7.2665027370117965,0.835,False,False,False,False
336,596.179828819258,7.2342996888109665,0.86,False,False,False,False
337,540.250757259159,7.24150265163712,0.74,False,False,False,False
338,588.1215015443777,7.236840340426849,0.83,False,False,False,False
339,493.50550572919275,7.230350421235704,0.86,False,False,False,False
340,573.3713773122787,7.218412867289333,0.89,False,False,False,False
341,563.0232486216945,7.212760594516148,0.87,False,False,False,False
342,539.3864734815144,7.2062631907613035,0.895,False,False,False,False
343,522.8169047390996,7.185685286825699,0.775,False,False,False,False
344,516.1528876778544,7.160693852443053,0.81,False,False,False,False
345,568.3135809018969,7.136215322979108,0.83,False,False,False,False
346,452.4569468214515,7.106936659558176,0.82,False,False,False,False
347,464.8749042687016,7.075429077018196,0.795,False,False,False,False
348,429.1659402249052,7.043378628555761,0.69,False,False,False,False
349,445.19204692570594,7.037573380818195,0.75,False,False,False,False
350,430.64263347278194,7.034374057488322,0.72,False,False,False,False
351,426.36781764772934,7.0463270569135705,0.755,False,False,False,False
352,426.2786398046234,7.07764903168478,0.77,False,False,False,False
353,434.15625518242985,7.128979326227601,0.81,False,False,False,False
354,434.96499073122556,7.159879759485612,0.855,False,False,False,False
355,477.24723516239635,7.155079886964494,0.795,False,False,False,False
356,472.7031115524722,7.1383363936787765,0.775,False,False,False,False
357,491.6354770252262,7.128457763650699,0.615,False,False,False,False
358,422.2397757566221,7.1234311136504225,0.76,False,False,False,False
359,420.7171199906966,7.1302948768746095,0.75,False,False,False,False
360,396.89179844611607,7.132622781484763,0.805,False,False,False,False
361,427.67983747166693,7.131222151582671,0.825,False,False,False,False
362,385.86759040932327,7.149953587243475,0.815,False,False,False,False
363,402.10821800057334,7.148052770897779,0.885,False,False,False,False
364,402.9973107082286,7.137676324379891,0.905,False,False,False,False
365,425.36993380133254,7.122363272216628,0.92,False,False,False,False
366,424.81721383678666,7.127494933537138,0.92,False,False,False,False
367,413.3072570879979,7.1217111132043955,0.875,False,False,False,False
368,433.2334944331393,7.08662130539326,0.87,False,False,False,False
369,438.3008355504372,7.085131415489144,0.88,False,False,False,False
370,454.62571754505063,7.0830725827814405,0.885,False,False,False,False
371,458.09062398573104,7.096594623850258,0.77,False,False,False,False
372,424.86593821540373,7.0550225419240835,0.78,False,False,False,False
373,442.4514445301442,7.02676433477807,0.785,False,False,False,False
374,422.5912964234941,7.013746654252776,0.835,False,False,False,False
375,418.4180262727618,6.98757895837175,0.82,False,False,False,False
376,444.2682387314118,6.968083092909607,0.87,False,False,False,False
377,440.5382457269182,6.972394137238506,0.85,False,False,False,False
378,445.02676633875626,6.967961860187757,0.9,False,False,False,False
379,490.9500768278374,6.988891018720844,0.76,False,False,False,False
380,471.73338350239874,7.00580110394014,0.845,False,False,False,False
381,490.3135561725691,7.003414218969062,0.81,False,False,False,False
382,538.0746172442227,6.9608441628904485,0.785,False,False,False,False
383,561.0476450144852,6.947085993524669,0.83,False,False,False,False
384,605.120611630045,6.952385952616458,0.77,False,False,False,False
385,672.5535628161293,6.9919618693275405,0.81,False,False,False,False
386,672.8552045120913,7.000732428025044,0.865,False,False,False,False
387,741.2620447158885,7.0163110685632875,0.85,False,False,False,False
388,704.9240475713041,7.003890010377134,0.815,False,False,False,False
389,652.02451069431,6.965896506017711,0.87,False,False,False,False
390,640.856700032176,6.936117344448251,0.83,False,False,False,False
391,573.0215076966289,6.91828429078332,0.775,False,False,False,False
392,625.1748699772601,6.912118425397711,0.875,False,False,False,False
393,586.3610819116054,6.900478653225159,0.805,False,False,False,False
394,604.4234240645942,6.897951823118607,0.845,False,False,False,False
395,599.4764367975906,6.91536577802961,0.81,False,False,False,False
396,621.9948183542382,6.937733175696215,0.845,False,False,False,False
397,648.0856963558716,6.98077562249631,0.86,False,False,False,False
398,657.6564114347461,7.032965179227994,0.835,False,False,False,False
399,628.5054337695003,7.056925846001338,0.83,False,False,False,False
400,529.7006133894007,7.068411955470994,0.56,True,False,False,True
401,605.967687268026,7.037704747325039,0.7,True,False,False,True
402,574.8954557452132,7.122200475317021,0.58,True,False,False,True
403,547.4760757101777,7.158763508118999,0.65,True,False,False,True
404,559.1496887891248,7.1273143591074195,0.54,True,False,False,True
405,471.29065224341406,7.086680313382987,0.58,True,False,False,True
406,510.3469807417148,7.0326181527509455,0.69,True,False,False,True
407,455.83317994090464,7.169307814984623,0.54,True,False,False,True
408,471.8711971615805,7.072920688720046,0.7,True,False,False,True
409,464.4822291419857,7.117434434464597,0.6,True,False,False,True
410,479.1347147537634,7.019263510462406,0.665,True,False,False,True
411,513.4049568080334,7.199505590626334,0.57,True,False,False,True
412,430.7842540515,7.0419011059750805,0.56,True,False,False,True
413,515.7885988559091,7.145322663162748,0.455,True,False,False,True
414,455.4695147010772,7.158968993765467,0.51,True,False,False,True
415,493.66040127713774,7.2283626054210846,0.68,True,False,False,True
416,454.87546247903856,7.093426894159979,0.555,True,False,False,True
417,469.481389656273,7.1460925978062235,0.755,True,False,False,True
418,428.8182776607444,7.135516596281715,0.785,True,False,False,True
419,450.7201193561262,6.963524134536383,0.61,True,False,False,True
420,453.68389450384876,7.069873309160936,0.58,True,False,False,True
421,436.7713082855419,7.123799626629095,0.615,True,False,False,True
422,431.8501514884189,7.039158969670199,0.67,True,False,False,True
423,451.3553690365855,7.021005228909119,0.69,True,False,False,True
424,457.0155145395483,6.9376141742400526,0.645,True,False,False,True
425,461.50084779129253,7.090518786535384,0.605,True,False,False,True
426,507.3183852952831,7.099573314389291,0.54,True,False,False,True
427,476.3043135400462,7.142329150415603,0.675,True,False,False,True
428,468.6643448222338,6.951653454264134,0.635,True,False,False,True
429,475.5379216904787,7.110063738644005,0.45,True,False,False,True
430,489.3825144890348,7.0892318270101615,0.68,True,False,False,True
431,465.4793344437528,6.9574769181436995,0.66,True,False,False,True
432,526.7636287845414,7.051114267968641,0.555,True,False,False,True
433,493.39706143785503,6.985475562076299,0.435,True,False,False,True
434,501.0807756429899,7.026492015901871,0.5,True,False,False,True
435,525.6470353527793,6.87506099857542,0.57,True,False,False,True
436,522.8929416083547,6.853560849601436,0.665,True,False,False,True
437,552.5021028485678,7.041875273773577,0.355,True,False,False,True
438,617.940007821444,6.987142665622217,0.53,True,False,False,True
439,557.0331882141679,6.80171437349079,0.31,True,False,False,True
440,537.1939873763305,6.966762136775229,0.36,True,False,False,True
441,618.6600395407509,6.985412873073961,0.425,True,False,False,True
442,568.1803018375167,7.06004962425369,0.29,True,False,False,True
443,660.2647773666262,6.924991041036153,0.49,True,False,False,True
444,638.1076810157289,7.10841165904564,0.455,True,False,False,True
445,730.791308015195,7.19423209832774,0.42,True,False,False,True
446,681.2529327814212,7.168600123963046,0.525,True,False,False,True
447,612.0218344205203,7.148039433257429,0.4,True,False,False,True
448,603.3758232165804,7.166416724298336,0.36,True,False,False,True
449,568.3641006278332,7.007254972802063,0.305,True,False,False,True
450,537.0485429567733,6.92758427929237,0.745,True,False,False,True
451,582.1762270758276,6.928838711123585,0.43,True,False,False,True
452,601.7029880214624,7.061347908739549,0.47,True,False,False,True
453,669.518444700608,7.064163516139182,0.615,True,False,False,True
454,572.817961204188,6.8016037122017865,0.495,True,False,False,True
455,535.1270178914148,6.820175994130346,0.51,True,False,False,True
456,621.0388686173824,6.797630144490096,0.645,True,False,False,True
457,608.437846470405,6.892357959649797,0.74,True,False,False,True
458,585.1057966299433,6.773465358314388,0.795,True,False,False,True
459,651.4464213133992,6.954212497463983,0.63,True,False,False,True
460,547.0520391331173,6.745365708613854,0.515,True,False,False,True
461,528.4912842878698,7.011909469342821,0.6,True,False,False,True
462,602.1244416567351,7.064247790695255,0.69,True,False,False,True
463,489.4838033992939,6.869337868459326,0.595,True,False,False,True
464,504.5329155950294,6.947395193816005,0.7,True,False,False,True
465,481.83203312299605,6.948781726528502,0.75,True,False,False,True
466,495.7864256400106,7.005758291314973,0.82,True,False,False,True
467,472.21387678165325,7.011896036932177,0.69,True,False,False,True
468,446.0377967246489,6.968759398457465,0.665,True,False,False,True
469,458.72796308834137,6.961836346297369,0.51,True,False,False,True
470,463.54974274027927,6.92392768456598,0.51,True,False,False,True
471,473.72534604911664,7.014282926015043,0.715,True,False,False,True
472,469.70732763105406,6.863976947053983,0.645,True,False,False,True
473,486.470948439143,7.044083794671599,0.62,True,False,False,True
474,505.35712397117874,6.992613985923407,0.715,True,False,False,True
475,516.2456483559935,6.982558582523495,0.885,True,False,False,True
476,497.97230549502126,7.016370565467563,0.755,True,False,False,True
477,529.5804780850277,7.048148082463101,0.675,True,False,False,True
478,504.3733890711951,7.024653775290155,0.67,True,False,False,True
479,518.382064502016,6.91873718606126,0.755,True,False,False,True
480,542.3041181130928,7.022291448709561,0.66,True,False,False,True
481,526.964260819874,6.883003287387616,0.605,True,False,False,True
482,571.1577167819838,6.950283261422359,0.85,True,False,False,True
483,707.0480279097991,7.064383270702892,0.665,True,False,False,True
484,701.2614797141184,6.952226985389522,0.715,True,False,False,True
485,691.3700594001652,6.999094125622173,0.68,True,False,False,True
486,725.3659110951968,6.964382139857316,0.46,True,False,False,True
487,707.6795262016813,6.975260380164347,0.64,True,False,False,True
488,868.5913121190733,6.986229531671326,0.735,True,False,False,True
489,697.7535746486045,6.802869250627272,0.52,True,False,False,True
490,705.8001670063857,6.948730180093587,0.555,True,False,False,True
491,672.0761790207514,6.913007144631804,0.53,True,False,False,True
492,709.3841306869856,7.003335368007006,0.455,True,False,False,True
493,652.1599675975322,6.890557869760829,0.375,True,False,False,True
494,731.0192433541905,7.02482783230405,0.84,True,False,False,True
495,788.7028466212985,7.1194747040847215,0.525,True,False,False,True
496,866.441438728805,7.01502015478404,0.68,False,False,False,False
497,746.4939921917877,6.956821841800375,0.835,False,False,False,False
498,781.3320593897053,6.880096729378208,0.805,False,False,False,False
499,698.9199021229147,6.814940917598831,0.695,False,False,False,False
500,708.9834498752643,6.799557621527182,0.765,False,False,False,False
501,689.1818488029872,6.795326974800402,0.735,False,False,False,False
502,617.1613083604376,6.729069991639291,0.76,False,False,False,False
503,523.9810538218585,6.6764413080634135,0.74,False,False,False,False
504,513.5596884415713,6.640849872325929,0.83,False,False,False,False
505,500.63775771793144,6.598642108926762,0.825,False,False,False,False
506,546.575019360362,6.645109939059852,0.82,False,False,False,False
507,505.15390708691615,6.680077976281597,0.835,False,False,False,False
508,477.3661525874273,6.688290421943619,0.92,False,False,False,False
509,474.21509854763644,6.712970036865203,0.915,False,False,False,False
510,469.93027433662456,6.702626892694976,0.935,False,False,False,False
511,470.62859925238104,6.695276237580737,0.865,False,False,False,False
512,456.7679783136239,6.648717192654447,0.93,False,False,False,False
513,464.85031210127124,6.649803417642111,0.885,False,False,False,False
514,467.8228726068602,6.7131918072630485,0.865,False,False,False,False
515,447.759496160393,6.730336116556417,0.82,False,False,False,False
516,415.3858911173328,6.743695036468008,0.89,False,False,False,False
517,422.1004368624904,6.747408072957766,0.895,False,False,False,False
518,419.36174893332804,6.704538579154405,0.905,False,False,False,False
519,411.45306747672254,6.634061912666076,0.87,False,False,False,False
520,428.9753810177592,6.630014497242673,0.85,False,False,False,False
521,429.8209768034563,6.67001387587767,0.83,False,False,False,False
522,447.6006477823171,6.752890899878275,0.84,False,False,False,False
523,434.75209078050597,6.797980091613308,0.91,False,False,False,False
524,452.79960789799264,6.823414570287287,0.875,False,False,False,False
525,426.0373212025729,6.8313223225340405,0.89,False,False,False,False
526,430.63043182715774,6.843074482856585,0.88,False,False,False,False
527,462.28537523466775,6.842170659853279,0.91,False,False,False,False
528,488.26250863286333,6.853365552943664,0.905,False,False,False,False
529,479.53351845277416,6.890890681363693,0.74,False,False,False,False
530,465.29242922967643,6.901915943671749,0.765,False,False,False,False
531,450.20970542104686,6.921267740503051,0.885,False,False,False,False
532,423.88708919783977,6.908487335064233,0.87,False,False,False,False
533,406.5153857552959,6.892927685309949,0.85,False,False,False,False
534,351.6851920678818,6.856544648106333,0.905,False,False,False,False
535,370.5800097854389,6.845866982955316,0.95,False,False,False,False
536,352.5976217267906,6.850574522506264,0.905,False,False,False,False
537,359.2266275478965,6.869453346533376,0.82,False,False,False,False
538,321.39380177668585,6.899216319443756,0.835,False,False,False,False
539,300.3534491978631,6.903316050093821,0.905,False,False,False,False
540,301.71623423994293,6.904606451831063,0.92,False,False,False,False
541,296.8465877101309,6.884275742912579,0.92,False,False,False,False
542,298.76931941792833,6.854961717000156,0.8,False,False,False,False
543,284.70870957059213,6.829358493227367,0.735,False,False,False,False
544,279.18890087257193,6.838525422512503,0.895,False,False,False,False
545,269.74301274898096,6.829333940412727,0.96,False,False,False,False
546,276.0664837270537,6.796026718405109,0.945,False,False,False,False
547,276.9784532616166,6.815834756003765,0.87,False,False,False,False
548,302.1315072052226,6.810947299956951,0.825,False,False,False,False
549,308.88140590362264,6.8015072870771744,0.965,False,False,False,False
550,321.74861911418736,6.807629807629578,0.875,False,False,False,False
551,320.68547686392753,6.823244608704941,0.885,False,False,False,False
552,316.3923995820193,6.838846560378092,0.91,False,False,False,False
553,313.5601223872936,6.868546743063598,0.905,False,False,False,False
554,297.12307737723546,6.8611775723936965,0.85,False,False,False,False
555,299.46162066317027,6.852287421356899,0.9,False,False,False,False
556,310.25555776785353,6.8628618981736915,0.895,False,False,False,False
557,295.88546961699336,6.893146577436061,0.925,False,False,False,False
558,293.647917580359,6.956041142452564,0.895,False,False,False,False
559,300.52913724958483,6.9939470561425665,0.93,False,False,False,False
560,283.78295605601,6.993129602531453,0.935,False,False,False,False
561,270.91596100726537,6.939680656277263,0.945,False,False,False,False
562,284.23857029033724,6.840724219644594,0.865,False,False,False,False
563,291.19208715188034,6.769788752999025,0.89,False,False,False,False
564,287.1935872583002,6.7722106557649315,0.835,False,False,False,False
565,284.5410889895491,6.831035846319782,0.8,False,False,False,False
566,270.24112656529167,6.89363239382368,0.7,False,False,False,False
567,268.90297977806466,6.8963605190065635,0.88,False,False,False,False
568,260.4678452229417,6.881470882435167,0.94,False,False,False,False
569,256.64782354574663,6.834480064523192,0.945,False,False,False,False
570,256.0305735064496,6.806214412529451,0.85,False,False,False,False
571,246.2613501341201,6.738874462935787,0.85,False,False,False,False
572,263.6627391748852,6.728576112213522,0.94,False,False,False,False
573,264.9366344027737,6.7562643123692006,0.925,False,False,False,False
574,273.21287996793376,6.812677970305881,0.92,False,False,False,False
575,273.02985873934085,6.8995101777068975,0.87,False,False,False,False
576,272.5257799633614,6.911436524035068,0.92,False,False,False,False
577,270.0158401727161,6.894094166028342,0.93,False,False,False,False
578,270.55620437986494,6.858472580846185,0.975,False,False,False,False
579,281.0495013059391,6.847858223304259,0.945,False,False,False,False
580,291.04840187051667,6.84384574904697,0.925,False,False,False,False
581,290.2485477222826,6.841322730374081,0.935,False,False,False,False
582,262.40394149867296,6.762487401284046,0.95,False,False,False,False
583,274.8243184575592,6.649757652938572,0.99,False,False,False,False
584,291.65454428819584,6.642184972493763,0.97,False,False,False,False
585,292.28457635375236,6.740849410012798,0.925,False,False,False,False
586,285.7357031523047,6.82717961823267,0.735,False,False,False,False
587,279.6074362185664,6.861628499306109,0.845,False,False,False,False
588,284.80565139032245,6.882195827317101,0.875,False,False,False,False
589,286.6263477753261,6.884275717055153,0.835,False,False,False,False
590,273.0601899115188,6.861556618209672,0.91,False,False,False,False
591,287.80116710203106,6.811390259843705,0.95,False,False,False,False
592,292.60809323076916,6.81955581985768,0.845,False,False,False,False
593,284.83251894964064,6.906630792957376,0.59,False,False,False,False
594,259.7606716322258,6.9280824111772095,0.58,False,False,False,False
595,255.89854519638624,6.869161099940687,0.86,False,False,False,False
596,265.9831122698739,6.763580112093414,0.82,False,False,False,False
597,285.6496088925498,6.695787956601611,0.905,False,False,False,False
598,287.25312891901245,6.720224819429323,0.76,False,False,False,False
599,275.1911257746594,6.734116220366651,0.905,False,False,False,False
600,270.97312451169137,6.762762740803941,0.82,False,False,False,False
601,263.8352432386582,6.790464578141962,0.875,False,False,False,False
602,276.2018232477578,6.786871567272193,0.895,False,False,False,False
603,280.81340452497597,6.807424186438496,0.905,False,False,False,False
604,263.38254330807064,6.853514318336947,0.935,False,False,False,False
605,278.0831703677593,6.818323214796333,0.91,False,False,False,False
606,248.20817749787147,6.782014660439879,0.86,False,False,False,False
607,269.0402358996079,6.8317529671874,0.91,False,False,False,False
608,279.40993550531954,6.889638434264326,0.82,False,False,False,False
609,288.05748792254343,6.898708762230537,0.73,False,False,False,False
610,281.09184826136755,6.8887980054783675,0.925,False,False,False,False
611,274.9551061832033,6.867178359567221,0.97,False,False,False,False
612,305.51632294365265,6.816127356740953,0.93,False,False,False,False
613,315.2955194670662,6.7945155907152,0.915,False,False,False,False
614,316.3504745694051,6.8181452100810365,0.75,False,False,False,False
615,286.54331868203445,6.840591966975135,0.765,False,False,False,False
616,264.4780637178422,6.837444828792702,0.845,False,False,False,False
617,260.69571698111224,6.825571882544136,0.84,False,False,False,False
618,267.0501181951411,6.829967888570628,0.91,False,False,False,False
619,261.8320700008564,6.849421295702324,0.825,False,False,False,False
620,241.60817762409823,6.783721018296568,0.875,False,False,False,False
621,234.07460522187301,6.703521362063298,0.86,False,False,False,False
622,289.7542055616329,6.698759366724767,0.89,False,False,False,False
623,278.0305195983796,6.7640560706841315,0.935,False,False,False,False
624,240.42865840868967,6.7111254973960595,0.95,False,False,False,False
625,267.2596985939052,6.622142532108802,0.97,False,False,False,False
626,278.5157127904715,6.65904473698178,0.925,False,False,False,False
627,277.5323020636417,6.73488619164903,0.92,False,False,False,False
628,265.0365840305919,6.722443480501597,0.93,False,False,False,False
629,273.1162481530437,6.711235534781437,0.945,False,False,False,False
630,277.34053794053546,6.7285684711795595,0.84,False,False,False,False
631,288.1053498523458,6.757287925014085,0.87,False,False,False,False
632,272.90481908860454,6.760774895427668,0.78,False,False,False,False
633,259.03416944971906,6.736675591609124,0.81,False,False,False,False
634,263.3706068068124,6.691922235798154,0.98,False,False,False,False
635,256.9182772670315,6.678201156338018,0.95,False,False,False,False
636,240.07522205260477,6.629172627350371,0.925,False,False,False,False
637,246.07389120730508,6.643792553480494,0.935,False,False,False,False
638,268.3100979529759,6.729136897619254,0.885,False,False,False,False
639,276.26797853106035,6.822037046158021,0.825,False,False,False,False
640,291.62393775731516,6.891742717593443,0.89,False,False,False,False
641,277.901092082971,6.920452778546959,0.935,False,False,False,False
642,292.34220588678704,6.883465771563385,0.83,False,False,False,False
643,271.0601770499251,6.777275405014967,0.695,False,False,False,False
644,287.09988004587603,6.753280052423081,0.91,False,False,False,False
645,281.15684597950855,6.725715697792619,0.935,False,False,False,False
646,307.2606989333703,6.720818486297382,0.925,False,False,False,False
647,328.93119261078346,6.717297072811888,0.935,False,False,False,False
648,342.62393863132763,6.75912553140358,0.87,False,False,False,False
649,338.7674823495363,6.79507307404351,0.63,False,False,False,False
650,316.8544727502984,6.796770157475796,0.685,False,False,False,False
651,305.5580201742423,6.794306816892092,0.85,False,False,False,False
652,296.9553150673716,6.799662613519086,0.905,False,False,False,False
653,266.04561439512304,6.780327974506865,0.865,False,False,False,False
654,239.92911761018178,6.737407993115706,0.94,False,False,False,False
655,265.8054931856254,6.727920496902996,0.895,False,False,False,False
656,270.3102220585086,6.837803646880948,0.895,False,False,False,False
657,282.00942613506385,6.944621179624834,0.725,False,False,False,False
658,247.96830292981582,6.933741220151102,0.705,False,False,False,False
659,247.92790776862404,6.858508953571377,0.825,False,False,False,False
660,243.97027767756086,6.761860886606696,0.8,False,False,False,False
661,230.62870338068998,6.7445446023318585,0.96,False,False,False,False
662,249.32492033858495,6.738589226515112,0.945,False,False,False,False
663,237.14818475795042,6.79487716063743,0.92,False,False,False,False
664,232.93842438056382,6.834011337660622,0.98,False,False,False,False
665,250.97396825928124,6.825874722116606,0.955,False,False,False,False
666,268.4842670763936,6.821961510375166,0.92,False,False,False,False
667,275.6130781212087,6.8087670033644745,0.855,False,False,False,False
668,272.2493160423181,6.784711202224127,0.93,False,False,False,False
669,264.7451783611204,6.709743325342493,0.935,False,False,False,False
670,283.5969051248958,6.6464954573192685,0.93,False,False,False,False
671,291.45503969972305,6.7257172832181675,0.86,False,False,False,False
672,269.74688052215566,6.822800380929373,0.835,False,False,False,False
673,248.791411814441,6.860932513432701,0.89,False,False,False,False
674,243.73787887610985,6.853981905964137,0.915,False,False,False,False
675,252.54537199517216,6.825757792368858,0.845,False,False,False,False
676,250.69841448720345,6.837864138985311,0.875,False,False,False,False
677,247.01771635025622,6.8207211943022035,0.875,False,False,False,False
678,251.4113959417643,6.788283938022204,0.885,False,False,False,False
679,244.1290915633123,6.748982842208786,0.87,False,False,False,False
680,239.97567322690062,6.770645522938981,0.82,False,False,False,False
681,243.96265710213555,6.763304667005703,0.94,False,False,False,False
682,224.63913274633416,6.667646485174267,0.93,False,False,False,False
683,233.1170097343514,6.605769022947385,0.925,False,False,False,False
684,257.1397752041919,6.694467229086307,0.945,False,False,False,False
685,256.5432679135978,6.843696930303067,0.815,False,False,False,False
686,254.22862612519245,6.889529572775102,0.895,False,False,False,False
687,244.7955032621984,6.85046425576611,0.88,False,False,False,False
688,262.8203544079948,6.777387981007224,0.88,False,False,False,False
689,274.86986621912365,6.710471794092751,0.95,False,False,False,False
690,313.76801738748486,6.720111469073814,0.925,False,False,False,False
691,325.61755830678237,6.695284228555321,0.92,False,False,False,False
692,354.5004290307753,6.740694868706479,0.895,False,False,False,False
693,374.1036628245353,6.7793024516451625,0.895,False,False,False,False
694,367.0370692174405,6.776436873728819,0.905,False,False,False,False
695,398.46653493055203,6.744866041197186,0.86,False,False,False,False
696,476.3210580760942,6.717732926040256,0.86,False,False,False,False
697,436.88789771976445,6.7323665541879985,0.85,False,False,False,False
698,491.84476946051973,6.75291335971372,0.88,False,False,False,False
699,480.8504994857966,6.763029494918214,0.865,False,False,False,False
700,473.8073298027997,6.7871290667054955,0.84,False,False,False,False
701,433.4807245674862,6.785421105065176,0.825,False,False,False,False
702,449.22864408311546,6.810100729042397,0.79,False,False,False,False
703,487.0604197935662,6.827155696300221,0.8,False,False,False,False
704,499.85863717549694,6.8433692458242295,0.74,False,False,False,False
705,499.39851738682347,6.833030914085823,0.77,False,False,False,False
706,498.39507236797044,6.799619924473952,0.745,False,False,False,False
707,454.51109217980934,6.7004511731691,0.735,False,False,False,False
708,439.8928939695873,6.616299482599255,0.645,False,False,False,False
709,401.74949177634295,6.596016985951638,0.74,False,False,False,False
710,365.11545247828207,6.626621253876134,0.74,False,False,False,False
711,337.6344483500817,6.686360294488321,0.745,False,False,False,False
712,344.7775213423968,6.708313844628831,0.83,False,False,False,False
713,314.01952679326376,6.744946365121349,0.82,False,False,False,False
714,270.7981872325763,6.773581862452449,0.85,False,False,False,False
715,272.0119969783944,6.733044766812592,0.865,False,False,False,False
716,262.3914903078492,6.669471167454571,0.89,False,False,False,False
717,264.19243654657384,6.696406848573806,0.885,False,False,False,False
718,282.92461081007724,6.716197310850784,0.935,False,False,False,False
719,285.22609230179893,6.810715733229305,0.9,False,False,False,False
720,282.0342135224911,6.873887323315815,0.92,False,False,False,False
721,279.99151426777695,6.8783302656927905,0.895,False,False,False,False
722,256.0796356991088,6.844754110075311,0.87,False,False,False,False
723,283.5654144234227,6.803143326634145,0.905,False,False,False,False
724,284.560313559524,6.785854489498982,0.855,False,False,False,False
725,304.5705115181268,6.79024506355907,0.87,False,False,False,False
726,297.1666155063022,6.799400843961161,0.89,False,False,False,False
727,290.4472735500685,6.771182112410905,0.805,False,False,False,False
728,244.31726707801687,6.740502565087434,0.815,False,False,False,False
729,266.7917290248434,6.685688875283629,0.92,False,False,False,False
730,255.09341827111967,6.682883379932692,0.925,False,False,False,False
731,264.9387882163387,6.674604984229656,0.69,False,False,False,False
732,268.21745966884043,6.746755378419036,0.85,False,False,False,False
733,256.8112845207857,6.794397722841477,0.88,False,False,False,False
734,271.20767288012786,6.804806751684376,0.825,False,False,False,False
735,270.29773561442175,6.76985675021011,0.73,False,False,False,False
736,261.50670124470514,6.731587260399472,0.695,False,False,False,False
737,263.68253292684415,6.7144609392575525,0.62,False,False,False,False
738,273.28834604420035,6.747150921271069,0.76,False,False,False,False
739,261.8640423427629,6.775160460582624,0.76,False,False,False,False
740,262.1259693470381,6.790625721102557,0.815,False,False,False,False
741,245.95916564120333,6.840033042513658,0.835,False,False,False,False
742,275.84816506967775,6.803797973955003,0.78,False,False,False,False
743,271.8993069533626,6.8090995568629245,0.785,False,False,False,False
744,290.88170163234156,6.842182905222546,0.82,False,False,False,False
745,284.9953809393808,6.842988026823548,0.78,False,False,False,False
746,323.3961881690185,6.883735625239313,0.85,False,False,False,False
747,342.10415802199947,7.00694134436487,0.815,False,False,False,False
748,338.21172749826036,7.013909032931489,0.685,False,False,False,False
749,329.5085376558316,6.955879188091043,0.74,False,False,False,False
750,353.88019795354876,6.930682170293792,0.84,False,False,False,False
751,321.0312161624502,6.878773546402186,0.91,False,False,False,False
752,364.32359029651394,6.802793374683792,0.845,False,False,False,False
753,372.2156200508674,6.7849331954236565,0.785,False,False,False,False
754,404.42911814915976,6.832635459075265,0.765,False,False,False,False
755,397.8714466787952,6.863257834037926,0.755,False,False,False,False
756,407.29935300345034,6.86164979902507,0.75,False,False,False,False
757,420.1505582257847,6.9032218092365225,0.77,False,False,False,False
758,427.9967545505522,6.9505252296645645,0.825,False,False,False,False
759,414.91594310148355,6.988024113801153,0.72,False,False,False,False
760,421.4591440259347,7.035327180422338,0.695,False,False,False,False
761,435.65025409365194,7.090681425729134,0.775,False,False,False,False
762,430.1636797838835,7.097582448930657,0.84,False,False,False,False
763,436.98495633429667,7.0307832197157865,0.84,False,False,False,False
764,479.1001317018682,7.01685747851973,0.84,False,False,False,False
765,514.2335484542957,7.006116498165473,0.715,False,False,False,False
766,486.0351106744086,7.001759206556866,0.68,False,False,False,False
767,488.7263439618096,6.994201997187671,0.715,False,False,False,False
768,478.1086633589931,7.041717535406073,0.685,False,False,False,False
769,459.07329794279843,7.04400108255676,0.745,False,False,False,False
770,445.17551964056065,7.046224955703837,0.71,False,False,False,False
771,426.8023691255193,7.03283352346643,0.78,False,False,False,False
772,424.9733256356836,7.0561523912143755,0.74,False,False,False,False
773,439.63116002077675,7.087037225930299,0.75,False,False,False,False
774,462.311128255083,7.142319951200259,0.755,False,False,False,False
775,462.6275354875122,7.198409340711494,0.745,False,False,False,False
776,472.7147374524861,7.279545074755704,0.705,False,False,False,False
777,454.07495543174764,7.383033064375524,0.715,False,False,False,False
778,445.7108026378366,7.4575883733435,0.71,False,False,False,False
779,395.5106757664989,7.464223451124791,0.74,False,False,False,False
780,400.7205393042345,7.403722381778438,0.725,False,False,False,False
781,385.2026035734598,7.308201668440614,0.695,False,False,False,False
782,427.34126143790394,7.253765486595306,0.74,False,False,False,False
783,412.1294678127083,7.218072771056974,0.78,False,False,False,False
784,430.8034428937625,7.216816252850496,0.865,False,False,False,False
785,424.17271743615555,7.181207755005962,0.845,False,False,False,False
786,454.0095139267761,7.185969400392505,0.77,False,False,False,False
787,479.6906240431876,7.19583620168566,0.715,False,False,False,False
788,540.7791601607099,7.235237309310207,0.67,False,False,False,False
789,523.0764265140829,7.270981239544975,0.7,False,False,False,False
790,572.744469664601,7.285586016518209,0.685,False,False,False,False
791,572.2947413976752,7.247539092393187,0.7,False,False,False,False
792,585.2204484069191,7.193096319994492,0.68,False,False,False,False
793,504.26809905453626,7.092952291718596,0.435,False,False,False,False
794,531.7718558527986,7.075720277193225,0.74,False,False,False,False
795,520.787835022557,7.073469098832418,0.77,False,False,False,False
796,537.0115283298142,7.091691058585206,0.79,False,False,False,False
797,572.7395053527521,7.076394428083994,0.67,False,False,False,False
798,544.9933692679763,7.060598490432966,0.685,False,False,False,False
799,555.6917589235902,7.0372138894533744,0.605,False,False,False,False
800,552.9483372531154,7.027141616768178,0.67,False,False,False,False
801,565.1761815421329,7.00983312632112,0.645,False,False,False,False
802,554.5076667439018,7.008373140559515,0.775,False,False,False,False
803,542.2312604041422,6.9912005345186925,0.79,False,False,False,False
804,516.925646561649,6.937571501736706,0.77,False,False,False,False
805,491.05616770813623,6.879094176938603,0.75,False,False,False,False
806,536.0670014978693,6.84859623640209,0.735,False,False,False,False
807,530.5091300868529,6.848097587201995,0.695,False,False,False,False
808,599.9644265010772,6.871619675477563,0.82,False,False,False,False
809,654.7281627089404,6.915490262568304,0.73,False,False,False,False
810,608.6493152922639,6.914553339996506,0.72,False,False,False,False
811,587.6205198458496,6.899555824698476,0.69,False,False,False,False
812,531.6604074582096,6.885826152415449,0.705,False,False,False,False
813,473.18787219638006,6.840485759198347,0.75,False,False,False,False
814,514.2189069263328,6.81007438066011,0.825,False,False,False,False
815,560.225069652998,6.817299451612856,0.81,False,False,False,False
816,550.4433124626385,6.801585070354379,0.7,False,False,False,False
817,567.8699679738588,6.789420401839174,0.685,False,False,False,False
818,598.0618949802656,6.801224173550536,0.65,False,False,False,False
819,572.2212218339539,6.79700616896709,0.665,False,False,False,False
820,587.2110821678945,6.794519779970201,0.76,False,False,False,False
821,567.898222061177,6.801808021431508,0.75,False,False,False,False
822,585.1968868479977,6.7825761096149435,0.64,False,False,False,False
823,648.8227732974011,6.802181196058033,0.665,False,False,False,False
824,653.7238173514677,6.792854678302049,0.6,False,False,False,False
825,646.5827612421575,6.814155056284509,0.73,False,False,False,False
826,645.8529169647616,6.815592291599001,0.67,False,False,False,False
827,643.7476912000471,6.796803317248601,0.655,False,False,False,False
828,668.9088410263731,6.8046122074267235,0.58,False,False,False,False
829,621.1025447529905,6.779470339291585,0.67,False,False,False,False
830,570.2236234793943,6.746310069867684,0.74,False,False,False,False
831,647.8221248852341,6.770977543772856,0.7,False,False,False,False
832,557.3865496716156,6.764676252408489,0.59,False,False,False,False
833,477.9352363017726,6.721528039863653,0.635,False,False,False,False
834,394.8571681258072,6.708084914849877,0.635,False,False,False,False
835,477.23628725331906,6.752723039878687,0.535,False,False,False,False
836,407.5800426410556,6.746297551341371,0.615,False,False,False,False
837,380.12084959617533,6.740479942403334,0.715,False,False,False,False
838,291.693638897878,6.730244647541634,0.745,False,False,False,False
839,347.0025794867226,6.730328961398451,0.75,False,False,False,False
840,361.9103392023194,6.741774177793351,0.725,False,False,False,False
841,312.96862316461585,6.744188555511313,0.725,False,False,False,False
842,356.4898111415982,6.757245345452561,0.65,False,False,False,False
843,298.7033235294564,6.751434531041513,0.665,False,False,False,False
844,296.6344450053221,6.725013216527808,0.735,False,False,False,False
845,323.2753128236882,6.69602454034157,0.835,False,False,False,False
846,333.17467820581214,6.712522071219812,0.8,False,False,False,False
847,369.8774865684438,6.723478410409575,0.72,False,False,False,False
848,348.5720284824424,6.771550558603767,0.65,False,False,False,False
849,358.7415879099504,6.802837345167552,0.595,False,False,False,False
850,383.0196668675015,6.794794373464299,0.61,False,False,False,False
851,374.4026109658433,6.796525005939012,0.585,False,False,False,False
852,369.3682937762027,6.791733243054209,0.7,False,False,False,False
853,406.9025205730438,6.793257647472322,0.645,False,False,False,False
854,414.16879265685486,6.795525976512643,0.675,False,False,False,False
855,489.94723684811214,6.814236251932453,0.685,False,False,False,False
856,419.2828925547116,6.843027326566351,0.745,False,False,False,False
857,444.800527082927,6.892859340116449,0.755,False,False,False,False
858,413.7792882821217,6.930012914866191,0.715,False,False,False,False
859,402.8531278516182,6.988422824656331,0.715,False,False,False,False
860,305.8195128742715,6.9622198612882755,0.685,False,False,False,False
861,371.65297835558704,6.913846126504939,0.745,False,False,False,False
862,346.461466493127,6.911527174344428,0.705,False,False,False,False
863,317.03824860548156,6.868030328463346,0.55,False,False,False,False
864,358.1276714305738,6.84929018884838,0.625,False,False,False,False
865,345.03854190384175,6.7857548906173655,0.56,False,False,False,False
866,346.32687017994135,6.810343199988526,0.665,False,False,False,False
867,376.3369597503851,6.889726002551267,0.695,False,False,False,False
868,339.8659272868328,6.904685245628599,0.59,False,False,False,False
869,319.1767253708674,6.891023453769577,0.7,False,False,False,False
870,326.1242589852467,6.882097187955915,0.725,False,False,False,False
871,399.6859972351633,6.8663210161678165,0.665,False,False,False,False
872,400.6781270932438,6.884169419595482,0.67,False,False,False,False
873,393.6344883724351,6.907197057809911,0.59,False,False,False,False
874,438.567968009507,6.980049565753954,0.56,False,False,False,False
875,374.37581591998713,6.990000319365159,0.575,False,False,False,False
876,316.5780098241171,6.980364886421879,0.58,False,False,False,False
877,432.7113106600864,6.969632719696337,0.64,False,False,False,False
878,431.45844322548385,6.944317364896483,0.665,False,False,False,False
879,389.51956052482325,6.895656998918054,0.615,False,False,False,False
880,474.32040204638844,6.867106041705691,0.675,False,False,False,False
881,462.79280698170504,6.893253028776302,0.615,False,False,False,False
882,491.14116328557674,6.906404620644867,0.67,False,False,False,False
883,542.1597411908359,6.977620100244167,0.725,False,False,False,False
884,510.2697643335381,7.0241212867056575,0.625,False,False,False,False
885,494.1120369179355,7.04618354397252,0.685,False,False,False,False
886,548.293905777283,7.081966064326002,0.67,False,False,False,False
887,481.07671522387466,7.06231938058514,0.545,False,False,False,False
888,504.63236340570705,7.031174042382805,0.665,False,False,False,False
889,460.1647710028269,7.028456395563989,0.58,False,False,False,False
890,473.21695589170724,7.057040215970743,0.685,False,False,False,False
891,381.67427241054577,7.014326188578691,0.605,False,False,False,False
892,531.9062315067695,7.089460977113466,0.735,False,False,False,False
893,535.7499845246027,7.131868875150925,0.68,False,False,False,False
894,445.1483342948895,7.146351939741482,0.755,False,False,False,False
895,536.667600428199,7.122187286606338,0.755,False,False,False,False
896,476.50001436089093,7.056120064116688,0.65,False,False,False,False
897,559.8689573590955,6.994956259436371,0.52,False,False,False,False
898,655.7339090914998,7.009552484933769,0.635,False,False,False,False
899,642.7817776747642,7.009825416793692,0.675,False,False,False,False
900,676.9463157994853,7.0801774690299535,0.635,False,False,False,False
901,610.6745898296903,7.069061914555435,0.585,False,False,False,False
902,608.5417258112489,7.043629109173061,0.61,False,False,False,False
903,526.7029526278532,7.070721954031904,0.655,False,False,False,False
904,566.4014371879445,7.072698178924136,0.6,False,False,False,False
905,679.676852762103,7.049283584578122,0.68,False,False,False,False
906,640.7528485353347,7.101913339664852,0.645,False,False,False,False
907,641.0604350017094,7.096287288888096,0.705,False,False,False,False
908,666.5915607031416,7.1068452361714245,0.69,False,False,False,False
909,566.5192902727007,7.111295665915266,0.625,False,False,False,False
910,600.2734257788414,7.124262491341322,0.645,False,False,False,False
911,502.8513235930824,7.119990049985795,0.67,False,False,False,False
912,558.5084427962254,7.141864267320974,0.77,False,False,False,False
913,506.6118165261779,7.162888152291522,0.765,False,False,False,False
914,520.183708568023,7.18173052095835,0.68,False,False,False,False
915,541.8037014589661,7.1870938168325775,0.68,False,False,False,False
916,554.5755464010663,7.23357324239011,0.75,False,False,False,False
917,604.0284149005306,7.284822605095716,0.75,False,False,False,False
918,547.4667986689883,7.307121549765162,0.715,False,False,False,False
919,563.887489384327,7.33706816465291,0.82,False,False,False,False
920,551.0126160201214,7.350482354496109,0.7,False,False,False,False
921,508.79109690848503,7.358122739390515,0.83,False,False,False,False
922,574.3579709461688,7.376225962163112,0.84,False,False,False,False
923,545.9359524883201,7.3915047260106626,0.865,False,False,False,False
924,593.7272462019323,7.398579433613076,0.735,False,False,False,False
925,539.512242729637,7.409398754661178,0.765,False,False,False,False
926,570.0640783969403,7.427151986188541,0.85,False,False,False,False
927,578.8641310901248,7.452362423562378,0.815,False,False,False,False
928,607.4616671918141,7.46596836489957,0.86,False,False,False,False
929,573.2360138631681,7.465645684757879,0.845,False,False,False,False
930,619.4986309265672,7.472794408775043,0.935,False,False,False,False
931,628.5362292260936,7.498284745132533,0.82,False,False,False,False
932,646.9622837133886,7.511576882751213,0.87,False,False,False,False
933,745.1915587891364,7.515837904945203,0.805,False,False,False,False
934,726.3767013625986,7.497056774528424,0.78,False,False,False,False
935,741.1174947803995,7.484781459266504,0.855,False,False,False,False
936,791.8315751044705,7.473563903359872,0.86,False,False,False,False
937,738.7650305128343,7.468905935778752,0.82,False,False,False,False
938,839.557006594,7.4769729249344445,0.835,False,False,False,False
939,739.6400881006921,7.457672018400301,0.725,False,False,False,False
940,818.1766906586608,7.439759690542109,0.815,False,False,False,False
941,765.6500901318667,7.4259808769710585,0.825,False,False,False,False
942,862.659979193523,7.408655870133851,0.81,False,False,False,False
943,882.9792587928293,7.372676055194454,0.765,False,False,False,False
944,809.2256144982307,7.337658980455668,0.715,False,False,False,False
945,872.366786626174,7.306487103994602,0.655,False,False,False,False
946,912.1671120046403,7.294466399932117,0.805,False,False,False,False
947,826.1279085413311,7.298004528713003,0.755,False,False,False,False
948,849.90658344612,7.289187612881486,0.71,False,False,False,False
949,746.9934949907877,7.301063520700099,0.79,False,False,False,False
950,743.0302139055274,7.315490696561974,0.82,False,False,False,False
951,661.5937609176754,7.326331429374959,0.735,False,False,False,False
952,760.9716257612677,7.342855122213878,0.845,False,False,False,False
953,782.2492807636933,7.344514435290395,0.77,False,False,False,False
954,838.6260845652366,7.376445293643767,0.875,False,False,False,False
955,846.0731344721619,7.389413674362768,0.815,False,False,False,False
956,820.0079488590179,7.375383639421818,0.835,False,False,False,False
957,763.8939888689628,7.357547705764567,0.88,False,False,False,False
958,881.9120339663461,7.364544279440486,0.88,False,False,False,False
959,919.3452106707256,7.404386845164079,0.87,False,False,False,False
960,947.2803395260544,7.44095736844416,0.825,False,False,False,False
961,982.0033407723274,7.459924647719388,0.87,False,False,False,False
962,1013.5427730197383,7.468604975067823,0.845,False,False,False,False
963,1029.9896615153489,7.495088597328165,0.85,False,False,False,False
964,1051.7252650556757,7.5078247149456825,0.82,False,False,False,False
965,1074.4808499346934,7.514715917296627,0.855,False,False,False,False
966,1141.0981518410656,7.5153363910776605,0.85,False,False,False,False
967,1134.0875607381147,7.533339088383457,0.9,False,False,False,False
968,1091.4736561007173,7.528277679985272,0.825,False,False,False,False
969,1144.938783533275,7.507659183848936,0.865,False,False,False,False
970,1195.2489001914878,7.493885628103623,0.855,False,False,False,False
971,1168.4130382457276,7.5008271092347485,0.82,False,False,False,False
972,1109.3295394990555,7.497109313611095,0.815,False,False,False,False
973,935.7065883600459,7.4679191822853035,0.8,False,False,False,False
974,1023.9387126863519,7.472618167473092,0.815,False,False,False,False
975,939.5976700642013,7.476460959794601,0.83,False,False,False,False
976,970.2109034130395,7.462533830009315,0.855,False,False,False,False
977,810.3228897419227,7.41771565371469,0.825,False,False,False,False
978,958.3283101447332,7.377934629682155,0.855,False,False,False,False
979,945.1222522493845,7.4146696302716855,0.865,False,False,False,False
980,935.9626195540031,7.41065427596738,0.835,False,False,False,False
981,866.6735583209887,7.438066734970725,0.87,False,False,False,False
982,852.4765730254275,7.4098832841268445,0.835,False,False,False,False
983,890.9534477459518,7.400419059745753,0.76,False,False,False,False
984,714.9423962590417,7.375738917401165,0.79,False,False,False,False
985,905.3438377561575,7.381376041113649,0.795,False,False,False,False
986,896.8551612762658,7.429566150230256,0.885,False,False,False,False
987,765.336036127225,7.420645193987461,0.845,False,False,False,False
988,790.3821278830834,7.4015209612353425,0.835,False,False,False,False
989,904.0478496473108,7.394395525587572,0.84,False,False,False,False
990,821.2901610894496,7.38573607430191,0.8,False,False,False,False
991,891.6435744699484,7.377463069693558,0.805,False,False,False,False
992,858.9274090169622,7.367737050124775,0.8,False,False,False,False
993,875.5540129230374,7.368687258650097,0.8,False,False,False,False
994,850.7876413926405,7.354588112855399,0.86,False,False,False,False
995,738.7358319767618,7.3409829024976805,0.725,False,False,False,False
996,914.2202157708671,7.357717555137256,0.77,False,False,False,False
997,815.893164952421,7.370433272728718,0.765,False,False,False,False
998,869.7064726072199,7.39106010890125,0.775,False,False,False,False
999,800.7916115847736,7.409265820355499,0.68,False,False,False,False
1000,887.9957400860175,7.406060881128355,0.755,False,False,False,False
1001,780.6451484157469,7.395798574223058,0.735,False,False,False,False
1002,893.2959688598432,7.397667440751782,0.5,False,False,False,False
1003,825.3678355142184,7.397039495242893,0.735,False,False,False,False
1004,825.6264372493229,7.359408495790466,0.765,False,False,False,False
1005,756.7118545533432,7.376942880587595,0.695,False,False,False,False
1006,788.6485272157892,7.379117873132984,0.735,False,False,False,False
1007,812.7031398312444,7.364086227454125,0.73,False,False,False,False
1008,876.7695401337185,7.375761273376799,0.83,False,False,False,False
1009,807.5381163518238,7.406419973033834,0.69,False,False,False,False
1010,772.3861531829978,7.413961492848758,0.79,False,False,False,False
1011,790.4492644258971,7.421682894712815,0.71,False,False,False,False
1012,847.1357189821607,7.407215180262657,0.735,False,False,False,False
1013,755.8553995720778,7.396893975001373,0.75,False,False,False,False
1014,619.653717896466,7.383335373583282,0.695,False,False,False,False
1015,796.7277506385418,7.3574406748018735,0.75,False,False,False,False
1016,793.2918754652317,7.309428261698583,0.78,False,False,False,False
1017,823.5509983898725,7.318528410506291,0.76,False,False,False,False
1018,819.7181158774213,7.339405124681267,0.76,False,False,False,False
1019,784.742242097803,7.336544687871692,0.75,False,False,False,False
1020,787.3516441653757,7.389297801417145,0.735,False,False,False,False
1021,732.5216257143154,7.4112834256578575,0.705,False,False,False,False
1022,622.4538476193729,7.42653107729871,0.73,False,False,False,False
1023,580.440984349656,7.392298470325361,0.615,False,False,False,False
1024,709.9932509445937,7.364181275369352,0.73,False,False,False,False
1025,689.790758832693,7.3725883844821976,0.805,False,False,False,False
1026,676.8819604534076,7.341486503635825,0.825,False,False,False,False
1027,644.2257539577215,7.331600275047361,0.815,False,False,False,False
1028,762.4944023489824,7.347305735223343,0.8,False,False,False,False
1029,662.5587327370877,7.372850583650184,0.76,False,False,False,False
1030,682.2830252773692,7.380256432117802,0.795,False,False,False,False
1031,662.8129055308224,7.382117957986278,0.77,False,False,False,False
1032,682.0116163528779,7.379906989868768,0.735,False,False,False,False
1033,720.5473218573335,7.380576061435262,0.755,False,False,False,False
1034,692.1208447314845,7.3586156290071685,0.71,False,False,False,False
1035,726.9122705302334,7.341873870492161,0.735,False,False,False,False
1036,654.7935335903451,7.33613890365263,0.73,False,False,False,False
1037,750.9957179136311,7.316052802874168,0.815,False,False,False,False
1038,730.5653074026804,7.310545869890507,0.755,False,False,False,False
1039,680.4429945338865,7.2711556392668495,0.69,False,False,False,False
1040,675.3792904476929,7.261711047781154,0.755,False,False,False,False
1041,724.5346031576705,7.2574549717626375,0.695,False,False,False,False
1042,682.8121210950778,7.277176439498152,0.73,False,False,False,False
1043,690.3206712919123,7.2828259163689255,0.7,False,False,False,False
1044,569.4654500311092,7.292625547473596,0.635,False,False,False,False
1045,643.2726888901756,7.256958508920363,0.635,False,False,False,False
1046,724.3332799008683,7.275912694118892,0.62,False,False,False,False
1047,594.5089705158993,7.2630607847028035,0.695,False,False,False,False
1048,651.897152472065,7.25570619636016,0.655,False,False,False,False
1049,622.8493758913864,7.24888243599805,0.515,False,False,False,False
1050,695.0311640261746,7.244948808682569,0.535,False,False,False,False
1051,680.6562048810338,7.241071989935176,0.57,False,False,False,False
1052,510.405197695771,7.20680420047881,0.725,False,False,False,False
1053,670.7047299198181,7.163673486845984,0.78,False,False,False,False
1054,689.4859885646829,7.131610972466648,0.735,False,False,False,False
1055,659.1001489225574,7.083285659820537,0.74,False,False,False,False
1056,603.5816617603946,6.994794263489943,0.565,False,False,False,False
1057,593.1787905861111,6.909276855731325,0.675,False,False,False,False
1058,561.2975172125879,6.877157910151828,0.66,False,False,False,False
1059,547.3010878193718,6.827222434245053,0.68,False,False,False,False
1060,575.4740275212638,6.79428390346431,0.675,False,False,False,False
1061,530.4176622788877,6.766244578963065,0.67,False,False,False,False
1062,538.8483527382662,6.785560446016374,0.725,False,False,False,False
1063,484.5595852420681,6.799886069116561,0.78,False,False,False,False
1064,516.368043584314,6.803869899133659,0.845,False,False,False,False
1065,392.6753737478643,6.766887291157632,0.835,False,False,False,False
1066,469.5583069298681,6.742311587308041,0.815,False,False,False,False
1067,471.2531742727365,6.7171044722366915,0.795,False,False,False,False
1068,505.6383056546655,6.719089350401626,0.805,False,False,False,False
1069,477.52232102044314,6.760500334175717,0.81,False,False,False,False
1070,506.943674953532,6.824159819913378,0.835,False,False,False,False
1071,529.8633346243996,6.923902397725794,0.83,False,False,False,False
1072,551.863192365189,7.021073967999992,0.845,False,False,False,False
1073,528.1040864087719,7.0566230244273775,0.875,False,False,False,False
1074,575.160804416778,7.056305774849019,0.84,False,False,False,False
1075,643.0255473755223,7.070620833876875,0.795,False,False,False,False
1076,664.348554954487,7.124774878998975,0.795,False,False,False,False
1077,657.4997702183937,7.137913664326911,0.785,False,False,False,False
1078,627.0378433555545,7.13704783709578,0.74,False,False,False,False
1079,622.7401786438289,7.146639454581361,0.755,False,False,False,False
1080,634.0530051549312,7.161990036546658,0.77,False,False,False,False
1081,633.5449224353887,7.170473387098488,0.755,False,False,False,False
1082,670.5067213089737,7.163092920488018,0.77,False,False,False,False
1083,632.8953408610469,7.16431467849759,0.745,False,False,False,False
1084,656.7642838587295,7.164304559288462,0.865,False,False,False,False
1085,674.9372235350439,7.201750193147203,0.82,False,False,False,False
1086,707.4481750879546,7.223346539758819,0.82,False,False,False,False
1087,659.3548781445611,7.230053317264506,0.79,False,False,False,False
1088,671.6511499438286,7.261425255102671,0.845,False,False,False,False
1089,685.063630373881,7.29357338238289,0.88,False,False,False,False
1090,667.4955883635446,7.319263257175486,0.76,False,False,False,False
1091,718.8453629799799,7.344045120817039,0.745,False,False,False,False
1092,695.8319201981133,7.36744596947001,0.79,False,False,False,False
1093,719.5674366596248,7.398641340052595,0.82,False,False,False,False
1094,773.7560297303307,7.420963092939584,0.85,False,False,False,False
1095,761.8806845181973,7.437350236411798,0.84,False,False,False,False
1096,813.4022738611307,7.447600550852787,0.83,False,False,False,False
1097,795.9782330516379,7.453352371748334,0.76,False,False,False,False
1098,741.9579714689771,7.462485918640034,0.755,False,False,False,False
1099,745.8936356582316,7.469907759087956,0.765,False,False,False,False
1100,806.7602556004417,7.457233098567885,0.83,False,False,False,False
1101,833.2833628523483,7.472916707871736,0.785,False,False,False,False
1102,799.418171262027,7.490001911396989,0.76,False,False,False,False
1103,795.7153837159244,7.494704747416403,0.78,False,False,False,False
1104,918.2910424184963,7.50114629386223,0.86,False,False,False,False
1105,913.1572319786048,7.502515565877161,0.82,False,False,False,False
1106,887.6566520912321,7.491588838092904,0.865,False,False,False,False
1107,955.4390004606059,7.477426357073147,0.785,False,False,False,False
1108,946.5964837687051,7.485021711476959,0.79,False,False,False,False
1109,924.5225049725678,7.499748984399562,0.85,False,False,False,False
1110,1009.1678155296834,7.497655598843705,0.85,False,False,False,False
1111,986.4405853106869,7.519591471985599,0.81,False,False,False,False
1112,968.4727885008991,7.527775100235701,0.825,False,False,False,False
1113,949.1084869402915,7.535267065014703,0.785,False,False,False,False
1114,880.099212075313,7.545946641480239,0.755,False,False,False,False
1115,897.5644977195317,7.561508310697891,0.695,False,False,False,False
1116,833.1869506814153,7.559852314081544,0.725,False,False,False,False
1117,798.9178831006747,7.544309262525297,0.73,False,False,False,False
1118,889.2229488009883,7.558792895765359,0.725,False,False,False,False
1119,729.6603413552117,7.571509904436357,0.73,False,False,False,False
1120,804.9416407210572,7.56111850942227,0.7,False,False,False,False
1121,727.459249254213,7.545843152416681,0.735,False,False,False,False
1122,774.8799043462634,7.520709873568162,0.71,False,False,False,False
1123,739.3664599316982,7.502310175336076,0.72,False,False,False,False
1124,674.8464593590337,7.522405439147064,0.805,False,False,False,False
1125,836.3418767828089,7.527656315134763,0.835,False,False,False,False
1126,658.7299316249317,7.496590112577945,0.71,False,False,False,False
1127,802.0355707725871,7.53495967316825,0.785,False,False,False,False
1128,762.2750884978082,7.520124642405781,0.86,False,False,False,False
1129,730.5598872409631,7.513027693733757,0.77,False,False,False,False
1130,775.2445634556966,7.511674382458917,0.775,False,False,False,False
1131,764.2714253527863,7.509681601994192,0.795,False,False,False,False
1132,870.7976210952502,7.4787912438893684,0.79,False,False,False,False
1133,676.9077233467927,7.459931191662985,0.8,False,False,False,False
1134,899.8818680696595,7.491901085529538,0.78,False,False,False,False
1135,722.7029704062661,7.53877877816878,0.81,False,False,False,False
1136,875.4609481799562,7.583735257418198,0.845,False,False,False,False
1137,910.7382812238973,7.592982837922621,0.655,False,False,False,False
1138,675.179793413403,7.593282266240864,0.81,False,False,False,False
1139,907.2851937547501,7.5876304035415405,0.795,False,False,False,False
1140,669.1505202630625,7.595118215839879,0.71,False,False,False,False
1141,771.9319636318221,7.584394186540953,0.77,False,False,False,False
1142,854.2121232722767,7.564762627092897,0.76,False,False,False,False
1143,887.5534752064923,7.54607029915929,0.745,False,False,False,False
1144,869.2518465670411,7.542699685027199,0.835,False,False,False,False
1145,879.0276987630983,7.544206603909419,0.84,False,False,False,False
1146,907.71233061082,7.531356691558688,0.805,False,False,False,False
1147,892.5723224628628,7.535846081433272,0.83,False,False,False,False
1148,784.2300284483107,7.512400909057709,0.78,False,False,False,False
1149,792.0788928031999,7.496299128115465,0.755,False,False,False,False
1150,819.6049389036076,7.487661567610015,0.745,False,False,False,False
1151,763.2424074419127,7.497252720563471,0.75,False,False,False,False
1152,829.4114338954344,7.511928211757101,0.745,False,False,False,False
1153,915.3235125036098,7.528313572538005,0.8,False,False,False,False
1154,876.0400617840608,7.530136514679339,0.805,False,False,False,False
1155,899.700476312926,7.536303711019897,0.71,False,False,False,False
1156,959.087754193152,7.524282788051779,0.78,False,False,False,False
1157,924.9788945114085,7.547495504760989,0.8,False,False,False,False
1158,721.4826928806367,7.524686997512086,0.9,False,False,False,False
1159,1042.3379224723908,7.521716354537573,0.895,False,False,False,False
1160,798.0223788051353,7.506472399984811,0.865,False,False,False,False
1161,974.4051674866571,7.52438513267375,0.9,False,False,False,False
1162,1059.8945973987682,7.531308305824987,0.81,False,False,False,False
1163,978.2907373325506,7.535801351469624,0.77,False,False,False,False
1164,1018.8873265793186,7.534290902557695,0.82,False,False,False,False
1165,932.5147143645393,7.525983514288072,0.865,False,False,False,False
1166,1046.2894520443995,7.493328620112829,0.92,False,False,False,False
1167,794.2601264313759,7.4752480686168425,0.815,False,False,False,False
1168,1059.8004256911756,7.464738647727548,0.865,False,False,False,False
1169,819.1160989485063,7.469793023279244,0.71,False,False,False,False
1170,1033.6476863436528,7.493633861581834,0.9,False,False,False,False
1171,1043.5124703087524,7.497515129448365,0.835,False,False,False,False
1172,947.7531322723441,7.4937606960641965,0.8,False,False,False,False
1173,917.1413560606585,7.5127005368308,0.9,False,False,False,False
1174,1007.226286209833,7.517701626905862,0.88,False,False,False,False
1175,906.6028933585638,7.527295012651681,0.845,False,False,False,False
1176,1054.2172491128129,7.4927254211214525,0.87,False,False,False,False
1177,935.1275271179355,7.474299071719139,0.895,False,False,False,False
1178,1087.6510683078686,7.460564020712574,0.755,False,False,False,False
1179,859.8149320011648,7.445618851328583,0.855,False,False,False,False
1180,974.747887818971,7.4383206043620085,0.865,False,False,False,False
1181,985.9709616200194,7.421944110277982,0.61,False,False,False,False
1182,894.6351081689747,7.404825000106012,0.705,False,False,False,False
1183,868.7100857988895,7.412950337442558,0.745,False,False,False,False
1184,953.0691675609783,7.3966887830640164,0.74,False,False,False,False
1185,980.3939395520069,7.367036718846801,0.565,False,False,False,False
1186,860.0894256110905,7.377101367599561,0.83,False,False,False,False
1187,880.42732328385,7.394774822139619,0.69,False,False,False,False
1188,873.7403859105799,7.385522382572216,0.77,False,False,False,False
1189,869.539312929624,7.344515092972484,0.78,False,False,False,False
1190,848.533532828502,7.316125095544839,0.75,False,False,False,False
1191,874.5686261736623,7.268734366620974,0.725,False,False,False,False
1192,947.4640458701049,7.2184435982622,0.575,False,False,False,False
1193,884.6057971617929,7.2333933793113445,0.685,False,False,False,False
1194,842.675591344536,7.245369499500722,0.725,False,False,False,False
1195,854.8757891378826,7.230630724345352,0.77,False,False,False,False
1196,771.0800090512087,7.253762830491244,0.805,False,False,False,False
1197,878.1544727067298,7.217247447523063,0.815,False,False,False,False
