frame_idx,joint_fixed,joint_model_derived,decoupled_fixed,decoupled_model_derived,memoryless
0,C1,C1,C1,C1,C1
1,C1,C1,C1,C1,C1
2,C1,C1,C1,C1,C1
3,C1,C1,C1,C1,C1
4,C1,C1,C1,C1,C1
5,C1,C1,C1,C1,C1
6,C1,C1,C1,C1,C1
7,C1,C1,C1,C1,C1
8,C1,C1,C1,C1,C1
9,C1,C1,C1,C1,C1
10,C1,C1,C1,C1,C1
11,C1,C1,C1,C1,C1
12,C1,C1,C1,C1,C1
13,C1,C1,C1,C1,C1
14,C1,C1,C1,C1,C1
15,C1,C1,C1,C1,C1
16,C1,C1,C1,C1,C1
17,C1,C1,C1,C1,C1
18,C1,C1,C1,C1,C1
19,C1,C1,C1,C1,C1
20,C1,C1,C1,C1,C1
21,C1,C1,C1,C1,C1
22,C1,C1,C1,C1,C1
23,C1,C1,C1,C1,C1
24,C1,C1,C1,C1,C1
25,C1,C1,C1,C1,C1
26,C1,C1,C1,C1,C1
27,C1,C1,C1,C1,C1
28,C1,C1,C1,C1,C1
29,C1,C1,C1,C1,C1
30,C1,C1,C1,C1,C1
31,C1,C1,C1,C1,C1
32,C1,C1,C1,C1,C1
33,C1,C1,C1,C1,C1
34,C1,C1,C1,C1,C1
35,C1,C1,C1,C1,C1
36,C1,C1,C1,C1,C1
37,C1,C1,C1,C1,C1
38,C1,C1,C1,C1,C4
39,C1,C1,C1,C1,C4
40,C1,C1,C1,C1,C4
41,C1,C1,C1,C1,C4
42,C1,C1,C1,C1,C4
43,C1,C1,C1,C1,C4
44,C1,C1,C1,C1,C4
45,C1,C1,C1,C1,C4
46,C1,C1,C1,C1,C4
47,C1,C1,C1,C1,C4
48,C1,C1,C1,C1,C4
49,C1,C1,C1,C1,C4
50,C1,C1,C1,C1,C4
51,C1,C1,C1,C1,C4
52,C1,C1,C1,C1,C4
53,C1,C1,C1,C1,C4
54,C1,C1,C1,C1,C4
55,C1,C1,C1,C1,C4
56,C1,C1,C1,C1,C4
57,C1,C1,C1,C1,C4
58,C1,C1,C1,C1,C4
59,C1,C1,C1,C1,C4
60,C1,C1,C1,C1,C4
61,C1,C1,C1,C1,C4
62,C1,C1,C1,C1,C4
63,C1,C1,C1,C1,C4
64,C1,C1,C1,C1,C4
65,C1,C1,C1,C1,C4
66,C1,C1,C1,C1,C4
67,C1,C1,C1,C1,C4
68,C1,C1,C1,C1,C1
69,C1,C1,C1,C1,C1
70,C1,C1,C1,C1,C1
71,C1,C1,C1,C1,C1
72,C1,C1,C1,C1,C1
73,C1,C1,C1,C1,C1
74,C1,C1,C1,C1,C1
75,C1,C1,C1,C1,C1
76,C1,C1,C1,C1,C1
77,C1,C1,C1,C1,C1
78,C1,C1,C1,C1,C1
79,C1,C1,C1,C1,C1
80,C1,C1,C1,C1,C1
81,C1,C1,C1,C1,C1
82,C1,C1,C1,C1,C1
83,C1,C1,C1,C1,C1
84,C1,C1,C1,C1,C1
85,C1,C1,C1,C1,C1
86,C1,C1,C1,C1,C1
87,C1,C1,C1,C1,C1
88,C1,C1,C1,C1,C1
89,C1,C1,C1,C1,C1
90,C1,C1,C1,C1,C1
91,C1,C1,C1,C1,C1
92,C1,C1,C1,C1,C1
93,C1,C1,C1,C1,C1
94,C1,C1,C1,C1,C1
95,C1,C1,C1,C1,C1
96,C1,C1,C1,C1,C1
97,C1,C1,C1,C1,C1
98,C1,C1,C1,C1,C1
99,C1,C1,C1,C1,C1
100,C4,C4,C1,C1,C1
101,C4,C4,C1,C1,C1
102,C4,C4,C1,C1,C1
103,C4,C4,C1,C1,C1
104,C4,C4,C1,C1,C4
105,C4,C4,C1,C1,C4
106,C4,C4,C4,C4,C4
107,C4,C4,C4,C4,C4
108,C4,C4,C4,C4,C4
109,C4,C4,C4,C4,C4
110,C4,C4,C4,C4,C4
111,C4,C4,C4,C4,C4
112,C4,C4,C4,C4,C4
113,C4,C4,C4,C4,C4
114,C4,C4,C4,C4,C4
115,C4,C4,C4,C4,C4
116,C4,C4,C4,C4,C4
117,C4,C4,C4,C4,C4
118,C4,C4,C4,C4,C4
119,C4,C4,C4,C4,C4
120,C4,C4,C4,C4,C4
121,C4,C4,C4,C4,C4
122,C4,C4,C4,C4,C4
123,C4,C4,C4,C4,C4
124,C4,C4,C4,C4,C4
125,C4,C4,C4,C4,C4
126,C4,C4,C4,C4,C4
127,C4,C4,C4,C4,C4
128,C4,C4,C4,C4,C4
129,C4,C4,C4,C4,C4
130,C4,C4,C4,C4,C4
131,C4,C4,C4,C4,C4
132,C4,C4,C4,C4,C4
133,C4,C4,C4,C4,C4
134,C4,C4,C4,C4,C4
135,C4,C4,C4,C4,C4
136,C4,C4,C4,C4,C4
137,C4,C4,C4,C4,C4
138,C4,C4,C4,C4,C4
139,C4,C4,C4,C4,C4
140,C4,C4,C4,C4,C4
141,C4,C4,C4,C4,C4
142,C4,C4,C4,C4,C4
143,C4,C4,C4,C4,C4
144,C4,C4,C4,C4,C4
145,C4,C4,C4,C4,C4
146,C4,C4,C4,C4,C4
147,C4,C4,C4,C4,C4
148,C4,C4,C4,C4,C4
149,C4,C4,C4,C4,C4
150,C1,C1,C1,C1,C4
151,C1,C1,C1,C1,C4
152,C1,C1,C1,C1,C1
153,C1,C1,C1,C1,C1
154,C1,C1,C1,C1,C1
155,C1,C1,C1,C1,C1
156,C1,C1,C1,C1,C1
157,C1,C1,C1,C1,C1
158,C1,C1,C1,C1,C1
159,C1,C1,C1,C1,C1
160,C1,C1,C1,C1,C1
161,C1,C1,C1,C1,C1
162,C1,C1,C1,C1,C1
163,C1,C1,C1,C1,C1
164,C1,C1,C1,C1,C1
165,C1,C1,C1,C1,C1
166,C1,C1,C1,C1,C1
167,C1,C1,C1,C1,C1
168,C1,C1,C1,C1,C1
169,C1,C1,C1,C1,C1
170,C1,C1,C1,C1,C1
171,C1,C1,C1,C1,C1
172,C1,C1,C1,C1,C1
173,C1,C1,C1,C1,C1
174,C1,C1,C1,C1,C1
175,C1,C1,C1,C1,C1
176,C1,C1,C1,C1,C1
177,C1,C1,C1,C1,C1
178,C1,C1,C1,C1,C1
179,C1,C1,C1,C1,C1
180,C1,C1,C1,C1,C1
181,C1,C1,C1,C1,C1
182,C1,C1,C1,C1,C1
183,C1,C1,C1,C1,C1
184,C1,C1,C1,C1,C1
185,C1,C1,C1,C1,C1
186,C1,C1,C1,C1,C1
187,C1,C1,C1,C1,C1
188,C1,C1,C1,C1,C1
189,C1,C1,C1,C1,C1
190,C1,C1,C1,C1,C1
191,C1,C1,C1,C1,C1
192,C1,C1,C1,C1,C1
193,C1,C1,C1,C1,C1
194,C1,C1,C1,C1,C1
195,C1,C1,C1,C1,C1
196,C1,C1,C1,C1,C1
197,C1,C1,C1,C1,C1
198,C1,C1,C1,C1,C1
199,C1,C1,C1,C1,C1
200,C1,C1,C1,C1,C1
201,C1,C1,C1,C1,C1
202,C1,C1,C1,C1,C1
203,C1,C1,C1,C1,C1
204,C1,C1,C1,C1,C1
205,C1,C1,C1,C1,C1
206,C1,C1,C1,C1,C1
207,C1,C1,C1,C1,C1
208,C1,C1,C1,C1,C1
209,C1,C1,C1,C1,C1
210,C1,C1,C1,C1,C1
211,C1,C1,C1,C1,C1
212,C1,C1,C1,C1,C1
213,C1,C1,C1,C1,C1
214,C1,C1,C1,C1,C1
215,C1,C1,C1,C1,C1
216,C1,C1,C1,C1,C1
217,C1,C1,C1,C1,C1
218,C1,C1,C1,C1,C1
219,C1,C1,C1,C1,C1
220,C1,C1,C1,C1,C4
221,C1,C1,C1,C1,C4
222,C1,C1,C1,C1,C4
223,C1,C1,C1,C1,C4
224,C1,C1,C1,C1,C4
225,C4,C4,C1,C1,C4
226,C4,C4,C1,C1,C4
227,C4,C4,C4,C4,C4
228,C4,C4,C4,C4,C4
229,C4,C4,C4,C4,C4
230,C4,C4,C4,C1,C4
231,C4,C1,C4,C1,C4
232,C4,C1,C4,C1,C4
233,C4,C1,C4,C1,C4
234,C4,C1,C4,C1,C4
235,C4,C1,C4,C1,C4
236,C1,C1,C4,C1,C4
237,C1,C1,C4,C1,C4
238,C1,C1,C1,C1,C4
239,C1,C4,C1,C1,C4
240,C1,C4,C1,C4,C4
241,C1,C4,C1,C4,C4
242,C1,C4,C1,C4,C4
243,C1,C4,C1,C4,C4
244,C1,C4,C1,C4,C4
245,C1,C4,C1,C4,C4
246,C1,C4,C1,C4,C4
247,C4,C4,C1,C4,C4
248,C4,C4,C1,C4,C4
249,C4,C4,C4,C4,C4
250,C4,C4,C4,C4,C4
251,C4,C4,C4,C4,C4
252,C4,C4,C4,C4,C4
253,C4,C4,C4,C4,C4
254,C4,C4,C4,C4,C4
255,C4,C4,C4,C4,C4
256,C4,C4,C4,C4,C4
257,C4,C4,C4,C4,C4
258,C4,C4,C4,C4,C4
259,C4,C4,C4,C4,C4
260,C4,C4,C4,C4,C4
261,C4,C4,C4,C4,C4
262,C4,C4,C4,C4,C4
263,C4,C4,C4,C4,C4
264,C4,C4,C4,C4,C4
265,C4,C4,C4,C4,C4
266,C4,C4,C4,C4,C4
267,C4,C4,C4,C4,C4
268,C4,C4,C4,C4,C4
269,C4,C4,C1,C1,C4
270,C1,C1,C1,C1,C4
271,C1,C1,C1,C1,C4
272,C1,C1,C1,C1,C4
273,C1,C1,C1,C1,C4
274,C1,C1,C1,C1,C4
275,C1,C1,C1,C1,C4
276,C1,C1,C1,C1,C4
277,C1,C1,C1,C1,C4
278,C1,C1,C1,C1,C1
279,C1,C1,C1,C1,C1
280,C1,C1,C1,C1,C1
281,C1,C1,C1,C1,C4
282,C1,C1,C1,C1,C4
283,C1,C1,C1,C1,C4
284,C1,C1,C1,C1,C4
285,C1,C1,C1,C1,C4
286,C1,C1,C1,C1,C4
287,C1,C1,C1,C1,C4
288,C1,C1,C1,C1,C4
289,C1,C1,C1,C1,C4
290,C1,C1,C1,C1,C4
291,C1,C1,C1,C1,C4
292,C4,C4,C4,C4,C4
293,C4,C4,C4,C4,C4
294,C4,C4,C4,C4,C4
295,C4,C4,C4,C4,C4
296,C4,C4,C4,C4,C4
297,C4,C1,C4,C1,C4
298,C4,C1,C4,C1,C4
299,C4,C4,C4,C4,C4
